date,total_revenue
2011-01-29,81650.61000000051
2011-01-30,78970.57000000076
2011-01-31,57706.91000000017
2011-02-01,60761.20000000045
2011-02-02,46959.95000000034
2011-02-03,69377.38000000047
2011-02-04,68789.06000000071
2011-02-05,93447.75000000115
2011-02-06,83497.56000000093
2011-02-07,65164.70000000029
2011-02-08,60879.39000000065
2011-02-09,60408.690000000504
2011-02-10,62742.000000000815
2011-02-11,71984.11000000052
2011-02-12,92584.90000000098
2011-02-13,100763.83000000143
2011-02-14,59728.89000000052
2011-02-15,64278.30999999953
2011-02-16,58985.59000000043
2011-02-17,57188.99000000033
2011-02-18,67467.99000000073
2011-02-19,87650.83000000117
2011-02-20,81369.44000000128
2011-02-21,65547.57000000091
2011-02-22,55380.69000000033
2011-02-23,55070.26999999966
2011-02-24,53986.340000000215
2011-02-25,61776.87000000076
2011-02-26,81839.49000000126
2011-02-27,79451.25000000095
2011-02-28,58794.66000000046
2011-03-01,62540.18000000053
2011-03-02,59996.54000000063
2011-03-03,64517.97999999962
2011-03-04,64020.5600000007
2011-03-05,86243.76000000097
2011-03-06,94305.40000000139
2011-03-07,66983.84000000062
2011-03-08,61245.830000000555
2011-03-09,58771.82000000059
2011-03-10,60104.73000000043
2011-03-11,68115.82999999999
2011-03-12,85664.01000000126
2011-03-13,85979.65000000123
2011-03-14,65841.94000000061
2011-03-15,62552.07000000075
2011-03-16,60076.33000000054
2011-03-17,57509.340000000564
2011-03-18,64847.140000000196
2011-03-19,83447.54000000108
2011-03-20,81525.57000000111
2011-03-21,61369.06000000078
2011-03-22,54604.960000000516
2011-03-23,51681.82000000047
2011-03-24,50469.36000000056
2011-03-25,62774.82000000083
2011-03-26,80261.18000000046
2011-03-27,81245.5900000015
2011-03-28,57507.420000000515
2011-03-29,52571.090000000375
2011-03-30,50143.63000000073
2011-03-31,55981.48000000084
2011-04-01,74380.45000000119
2011-04-02,90659.12000000026
2011-04-03,89121.32000000126
2011-04-04,66059.770000001
2011-04-05,62548.18000000079
2011-04-06,60210.520000000695
2011-04-07,60590.60000000068
2011-04-08,66802.54000000069
2011-04-09,86147.53000000105
2011-04-10,85080.34000000093
2011-04-11,66609.37000000078
2011-04-12,61560.79000000047
2011-04-13,57037.93000000052
2011-04-14,58824.99000000042
2011-04-15,68675.01000000088
2011-04-16,83058.8300000012
2011-04-17,83617.2200000016
2011-04-18,61271.22000000067
2011-04-19,54793.10000000059
2011-04-20,56720.4200000006
2011-04-21,56466.01000000079
2011-04-22,69572.75000000087
2011-04-23,84171.43000000145
2011-04-24,68276.58000000111
2011-04-25,56342.82000000091
2011-04-26,50791.37000000067
2011-04-27,50877.02000000053
2011-04-28,51953.2200000005
2011-04-29,64544.68000000066
2011-04-30,80648.79000000142
2011-05-01,81346.95000000122
2011-05-02,63047.490000001
2011-05-03,66278.9800000008
2011-05-04,57672.290000000845
2011-05-05,56720.89000000074
2011-05-06,68218.3200000007
2011-05-07,78021.80000000104
2011-05-08,65855.53000000099
2011-05-09,69036.5200000012
2011-05-10,60176.340000000884
2011-05-11,61559.290000000816
2011-05-12,61018.66000000088
2011-05-13,70473.10000000097
2011-05-14,81896.10000000091
2011-05-15,88269.00000000156
2011-05-16,61248.66000000092
2011-05-17,56033.73000000073
2011-05-18,52915.52000000079
2011-05-19,52917.66000000078
2011-05-20,61081.240000000886
2011-05-21,76461.34000000043
2011-05-22,73607.61000000114
2011-05-23,58098.130000000725
2011-05-24,52563.72000000063
2011-05-25,52171.440000000766
2011-05-26,57009.120000000665
2011-05-27,61639.66000000075
2011-05-28,71033.69999999997
2011-05-29,66451.5900000009
2011-05-30,64782.30000000114
2011-05-31,55381.360000000706
2011-06-01,64775.80000000102
2011-06-02,62398.04000000098
2011-06-03,73696.53000000105
2011-06-04,83864.61000000016
2011-06-05,87926.7700000015
2011-06-06,73194.01000000126
2011-06-07,69884.01000000098
2011-06-08,66110.18000000111
2011-06-09,65696.3900000009
2011-06-10,72494.85000000132
2011-06-11,83435.11000000087
2011-06-12,86431.01000000126
2011-06-13,70323.43000000078
2011-06-14,65558.63000000115
2011-06-15,68369.54000000078
2011-06-16,63153.340000001066
2011-06-17,68183.10000000116
2011-06-18,78640.21000000149
2011-06-19,72743.74000000086
2011-06-20,66329.62000000098
2011-06-21,59042.87000000089
2011-06-22,58576.47000000089
2011-06-23,62726.20000000089
2011-06-24,68432.25000000017
2011-06-25,72973.85000000133
2011-06-26,76969.61000000095
2011-06-27,61850.200000000914
2011-06-28,54030.14000000068
2011-06-29,54228.71000000077
2011-06-30,59678.80000000093
2011-07-01,83279.14000000019
2011-07-02,87247.64000000116
2011-07-03,78344.13000000121
2011-07-04,61556.410000000906
2011-07-05,71985.46000000132
2011-07-06,71421.360000001
2011-07-07,73863.17000000135
2011-07-08,76535.00000000099
2011-07-09,89246.19000000131
2011-07-10,87867.0500000012
2011-07-11,73525.4500000009
2011-07-12,66957.16000000102
2011-07-13,65690.60000000098
2011-07-14,64561.940000000475
2011-07-15,76060.29000000103
2011-07-16,85917.32000000196
2011-07-17,85712.2000000013
2011-07-18,67367.16000000108
2011-07-19,60059.460000001185
2011-07-20,60644.920000000726
2011-07-21,62603.669999999576
2011-07-22,71243.9100000012
2011-07-23,82427.33000000124
2011-07-24,80838.83000000106
2011-07-25,64020.70000000124
2011-07-26,58175.43000000104
2011-07-27,56267.140000000865
2011-07-28,59268.670000000784
2011-07-29,67905.78000000137
2011-07-30,79986.49000000142
2011-07-31,81274.76000000148
2011-08-01,73525.54000000074
2011-08-02,68720.21000000127
2011-08-03,72542.61000000028
2011-08-04,65402.190000001
2011-08-05,72391.25000000103
2011-08-06,85240.38000000117
2011-08-07,89645.57000000094
2011-08-08,70679.95000000106
2011-08-09,69836.45000000084
2011-08-10,67594.77000000048
2011-08-11,68169.62000000093
2011-08-12,77636.10000000117
2011-08-13,90852.17000000058
2011-08-14,91933.16000000123
2011-08-15,75415.6000000012
2011-08-16,66646.01000000045
2011-08-17,64269.52000000096
2011-08-18,61614.5500000009
2011-08-19,70721.69000000083
2011-08-20,86327.15000000143
2011-08-21,94301.990000001
2011-08-22,69110.1200000012
2011-08-23,61577.58000000025
2011-08-24,59770.03000000105
2011-08-25,58397.72000000074
2011-08-26,66597.40000000106
2011-08-27,83884.22000000125
2011-08-28,83708.8100000012
2011-08-29,60631.910000000105
2011-08-30,55026.130000000565
2011-08-31,59672.19000000075
2011-09-01,70028.87000000085
2011-09-02,77246.39000000097
2011-09-03,90251.22000000086
2011-09-04,73859.6400000012
2011-09-05,81837.72000000083
2011-09-06,71786.01000000098
2011-09-07,67711.32000000116
2011-09-08,66414.760000001
2011-09-09,76838.56000000103
2011-09-10,92251.05000000107
2011-09-11,98302.80000000069
2011-09-12,71982.21000000101
2011-09-13,66497.19000000124
2011-09-14,63632.62000000092
2011-09-15,71137.63000000092
2011-09-16,74675.78000000108
2011-09-17,89944.43000000111
2011-09-18,91000.94000000138
2011-09-19,67645.790000001
2011-09-20,61455.020000000935
2011-09-21,60125.720000000976
2011-09-22,59465.61000000109
2011-09-23,71461.30000000137
2011-09-24,88336.5600000004
2011-09-25,90350.260000001
2011-09-26,64136.97000000096
2011-09-27,59375.07000000097
2011-09-28,57876.25000000073
2011-09-29,57810.47000000095
2011-09-30,77217.3700000002
2011-10-01,103302.10000000095
2011-10-02,98982.7000000014
2011-10-03,78953.21000000116
2011-10-04,68225.41000000134
2011-10-05,68327.79000000082
2011-10-06,68579.71000000085
2011-10-07,77303.77000000123
2011-10-08,92848.60000000139
2011-10-09,97200.96000000123
2011-10-10,78885.62000000122
2011-10-11,69650.860000001
2011-10-12,71888.53000000122
2011-10-13,68277.19000000057
2011-10-14,79466.64000000106
2011-10-15,101899.09000000125
2011-10-16,98299.7700000012
2011-10-17,73637.00000000122
2011-10-18,64083.71000000084
2011-10-19,60401.629999999466
2011-10-20,59473.31000000068
2011-10-21,71259.79000000122
2011-10-22,89054.33000000086
2011-10-23,89026.74000000101
2011-10-24,66754.46000000116
2011-10-25,59876.610000000204
2011-10-26,59610.59000000088
2011-10-27,60821.920000000835
2011-10-28,70598.86000000138
2011-10-29,88398.66000000136
2011-10-30,87576.67000000112
2011-10-31,60771.710000000894
2011-11-01,69105.81000000091
2011-11-02,64393.65000000104
2011-11-03,72421.05000000123
2011-11-04,75113.71000000158
2011-11-05,95503.46000000142
2011-11-06,102990.7300000013
2011-11-07,72087.8300000006
2011-11-08,65685.14000000113
2011-11-09,68065.52000000098
2011-11-10,68614.92000000131
2011-11-11,77214.18000000132
2011-11-12,92856.22000000143
2011-11-13,94545.0300000005
2011-11-14,70120.80000000083
2011-11-15,69834.46000000098
2011-11-16,63450.920000001024
2011-11-17,60531.96000000078
2011-11-18,69177.7600000009
2011-11-19,89859.81000000062
2011-11-20,89065.6800000011
2011-11-21,67808.68000000113
2011-11-22,67402.14000000115
2011-11-23,78119.28000000126
2011-11-24,46927.960000000596
2011-11-25,60839.05000000031
2011-11-26,67556.84000000112
2011-11-27,72721.29000000146
2011-11-28,59780.38000000097
2011-11-29,56461.52000000102
2011-11-30,55462.22000000079
2011-12-01,67057.67000000108
2011-12-02,76485.41000000142
2011-12-03,96919.65000000119
2011-12-04,95580.77000000139
2011-12-05,77905.23000000109
2011-12-06,70755.47000000121
2011-12-07,66418.10000000092
2011-12-08,69136.03000000074
2011-12-09,76197.59000000122
2011-12-10,91942.3400000011
2011-12-11,97259.7600000014
2011-12-12,77715.00000000103
2011-12-13,71150.51000000103
2011-12-14,70204.22000000007
2011-12-15,77434.81000000087
2011-12-16,75941.71000000126
2011-12-17,90813.08000000122
2011-12-18,88253.81000000096
2011-12-19,72687.1100000013
2011-12-20,70440.53999999983
2011-12-21,70194.89000000118
2011-12-22,74764.2200000011
2011-12-23,90175.81000000145
2011-12-24,75968.34000000086
2011-12-25,23.68
2011-12-26,76323.62000000034
2011-12-27,65581.35000000098
2011-12-28,65824.04000000098
2011-12-29,66649.03000000118
2011-12-30,87499.75000000143
2011-12-31,87297.48000000115
2012-01-01,57511.98000000033
2012-01-02,88952.77000000144
2012-01-03,75693.37000000126
2012-01-04,66911.24000000114
2012-01-05,74373.11000000115
2012-01-06,79276.55000000139
2012-01-07,96697.03000000134
2012-01-08,99457.31000000073
2012-01-09,74847.35000000111
2012-01-10,69232.63000000133
2012-01-11,74837.03000000124
2012-01-12,64548.93000000102
2012-01-13,78461.3700000012
2012-01-14,97408.4400000013
2012-01-15,96702.23000000093
2012-01-16,83134.48000000128
2012-01-17,58391.03000000115
2012-01-18,67167.9200000012
2012-01-19,64224.52000000102
2012-01-20,72703.93000000124
2012-01-21,103940.05000000152
2012-01-22,89315.46000000097
2012-01-23,66347.14000000105
2012-01-24,63102.82000000117
2012-01-25,58860.960000000814
2012-01-26,61199.02000000135
2012-01-27,72187.36000000151
2012-01-28,92041.59000000171
2012-01-29,91699.71000000137
2012-01-30,67834.17000000099
2012-01-31,67585.12000000135
2012-02-01,80753.96000000142
2012-02-02,77595.02000000128
2012-02-03,93946.28000000131
2012-02-04,118685.10000000159
2012-02-05,111362.91000000114
2012-02-06,84751.22000000122
2012-02-07,78667.76000000114
2012-02-08,77207.7300000016
2012-02-09,79749.10000000118
2012-02-10,80668.95000000136
2012-02-11,114011.91000000163
2012-02-12,117271.87000000098
2012-02-13,88495.30000000127
2012-02-14,67395.20000000116
2012-02-15,73921.4700000013
2012-02-16,71593.49000000134
2012-02-17,80409.4800000016
2012-02-18,102246.08000000098
2012-02-19,102842.50000000147
2012-02-20,83586.03000000138
2012-02-21,68848.1100000014
2012-02-22,67501.37000000122
2012-02-23,68607.39000000128
2012-02-24,76295.12000000005
2012-02-25,98656.71000000164
2012-02-26,100153.45000000153
2012-02-27,73408.17000000161
2012-02-28,66218.07000000148
2012-02-29,66633.28000000144
2012-03-01,81947.2800000013
2012-03-02,86518.2400000016
2012-03-03,112870.29000000092
2012-03-04,111421.68000000138
2012-03-05,89468.99000000111
2012-03-06,84944.31000000084
2012-03-07,78596.94000000131
2012-03-08,80650.11000000151
2012-03-09,87620.00000000146
2012-03-10,109215.31000000112
2012-03-11,113910.24000000095
2012-03-12,88421.68000000081
2012-03-13,78558.56000000093
2012-03-14,73789.80000000117
2012-03-15,83087.71000000135
2012-03-16,83008.26000000119
2012-03-17,103307.86000000146
2012-03-18,104626.37000000107
2012-03-19,79792.99000000147
2012-03-20,69071.85000000123
2012-03-21,70419.77000000124
2012-03-22,69984.52000000131
2012-03-23,76921.44000000025
2012-03-24,100736.88000000136
2012-03-25,104991.76000000122
2012-03-26,76432.51000000116
2012-03-27,65900.15000000101
2012-03-28,67751.10000000117
2012-03-29,64714.64000000112
2012-03-30,84012.69000000138
2012-03-31,104193.42000000163
2012-04-01,110158.37000000119
2012-04-02,83687.95000000135
2012-04-03,87431.63000000054
2012-04-04,75637.54000000111
2012-04-05,82359.03000000105
2012-04-06,98891.03000000119
2012-04-07,118112.9300000006
2012-04-08,95592.71000000121
2012-04-09,86002.72000000108
2012-04-10,77272.6700000013
2012-04-11,79644.97000000147
2012-04-12,77016.43000000114
2012-04-13,86993.36000000109
2012-04-14,104473.15000000087
2012-04-15,107872.52000000111
2012-04-16,76049.63000000117
2012-04-17,72244.53000000122
2012-04-18,68799.1600000012
2012-04-19,67157.62000000106
2012-04-20,75989.78000000126
2012-04-21,99111.99000000123
2012-04-22,101538.51000000075
2012-04-23,73082.62000000145
2012-04-24,67199.0900000014
2012-04-25,65393.79999999986
2012-04-26,66533.5700000012
2012-04-27,78541.0300000015
2012-04-28,96018.44000000134
2012-04-29,100173.1900000014
2012-04-30,74361.34000000087
2012-05-01,82261.16000000102
2012-05-02,77669.7400000012
2012-05-03,86346.13000000073
2012-05-04,87119.50000000095
2012-05-05,105578.03000000112
2012-05-06,113097.1500000011
2012-05-07,90257.44000000092
2012-05-08,81210.49000000153
2012-05-09,81897.93000000087
2012-05-10,76309.01000000088
2012-05-11,87982.10000000085
2012-05-12,109592.57000000153
2012-05-13,90951.69000000079
2012-05-14,83893.29000000097
2012-05-15,85174.82000000098
2012-05-16,78477.42000000134
2012-05-17,73753.76000000157
2012-05-18,85733.2400000008
2012-05-19,101661.1600000019
2012-05-20,107634.15000000132
2012-05-21,79219.18000000117
2012-05-22,74641.37000000065
2012-05-23,71096.2300000013
2012-05-24,73501.68000000133
2012-05-25,88751.4000000016
2012-05-26,99985.650000001
2012-05-27,91486.02000000104
2012-05-28,89538.9000000011
2012-05-29,74804.3300000014
2012-05-30,72708.43000000152
2012-05-31,76121.42000000134
2012-06-01,103884.2700000009
2012-06-02,117199.62000000161
2012-06-03,118554.39000000137
2012-06-04,90174.93000000107
2012-06-05,89825.49000000101
2012-06-06,88603.78000000109
2012-06-07,88467.20000000106
2012-06-08,97187.46000000123
2012-06-09,115770.39000000093
2012-06-10,114253.36000000071
2012-06-11,100382.24000000133
2012-06-12,90032.73000000107
2012-06-13,85078.48000000101
2012-06-14,87594.45000000096
2012-06-15,105801.20000000126
2012-06-16,113567.34000000096
2012-06-17,99807.01000000085
2012-06-18,89312.32000000135
2012-06-19,82752.28000000097
2012-06-20,81538.62000000147
2012-06-21,80841.86000000147
2012-06-22,93112.61000000089
2012-06-23,103673.85000000132
2012-06-24,106088.77000000108
2012-06-25,84240.81000000145
2012-06-26,75885.27000000098
2012-06-27,74533.09000000042
2012-06-28,76365.14000000116
2012-06-29,96315.11000000083
2012-06-30,106491.35000000105
2012-07-01,110601.63000000079
2012-07-02,95191.45000000106
2012-07-03,103605.90000000087
2012-07-04,85361.64000000128
2012-07-05,91883.72000000117
2012-07-06,104885.97000000102
2012-07-07,110784.45000000084
2012-07-08,114740.13000000127
2012-07-09,96432.28000000077
2012-07-10,86625.0100000012
2012-07-11,88100.530000001
2012-07-12,88355.30000000175
2012-07-13,97437.91000000098
2012-07-14,114338.23000000084
2012-07-15,118653.56000000065
2012-07-16,88039.39000000132
2012-07-17,81173.84000000129
2012-07-18,76488.46000000124
2012-07-19,81497.54000000119
2012-07-20,93835.02000000089
2012-07-21,104497.61000000083
2012-07-22,107416.70000000081
2012-07-23,82424.15000000106
2012-07-24,79602.36000000138
2012-07-25,75508.20000000145
2012-07-26,76518.13000000149
2012-07-27,85187.61000000109
2012-07-28,94624.10000000105
2012-07-29,97311.16000000118
2012-07-30,77603.47000000112
2012-07-31,78852.33000000125
2012-08-01,90551.28000000108
2012-08-02,93333.73000000129
2012-08-03,105386.21000000104
2012-08-04,110825.10000000084
2012-08-05,117535.07000000085
2012-08-06,98126.48000000106
2012-08-07,87176.56000000106
2012-08-08,86191.33000000131
2012-08-09,91789.050000001
2012-08-10,97196.24000000127
2012-08-11,115662.11000000006
2012-08-12,119862.29000000062
2012-08-13,94641.50000000058
2012-08-14,89308.370000001
2012-08-15,93423.14000000138
2012-08-16,90856.70000000118
2012-08-17,95073.40000000146
2012-08-18,111628.24000000088
2012-08-19,118594.72000000076
2012-08-20,88413.71000000105
2012-08-21,80997.51000000152
2012-08-22,79408.02000000131
2012-08-23,76787.98000000107
2012-08-24,89759.27000000095
2012-08-25,108550.98000000071
2012-08-26,114361.78000000106
2012-08-27,85702.70000000103
2012-08-28,78172.84000000107
2012-08-29,73989.55000000134
2012-08-30,76577.98000000084
2012-08-31,103325.38000000085
2012-09-01,122365.42000000092
2012-09-02,114179.55000000107
2012-09-03,119463.71000000034
2012-09-04,86036.12000000133
2012-09-05,86208.39000000135
2012-09-06,87525.57000000121
2012-09-07,93043.51000000117
2012-09-08,119960.44000000082
2012-09-09,128512.80000000073
2012-09-10,90161.7700000004
2012-09-11,87078.60000000108
2012-09-12,84477.42000000086
2012-09-13,83187.13000000094
2012-09-14,98863.09000000074
2012-09-15,124101.68000000069
2012-09-16,120613.07000000139
2012-09-17,87615.95000000123
2012-09-18,80482.35000000137
2012-09-19,73782.56000000141
2012-09-20,77862.89000000017
2012-09-21,91878.5400000012
2012-09-22,113185.35000000078
2012-09-23,114043.590000001
2012-09-24,81186.22000000079
2012-09-25,76663.72000000003
2012-09-26,74132.91000000136
2012-09-27,74521.22000000131
2012-09-28,89045.88000000117
2012-09-29,113487.2700000017
2012-09-30,112220.18000000127
2012-10-01,94737.24000000086
2012-10-02,89334.00000000118
2012-10-03,92978.51000000144
2012-10-04,82199.8900000013
2012-10-05,93219.40000000104
2012-10-06,118864.74000000097
2012-10-07,115762.38000000124
2012-10-08,92334.86000000067
2012-10-09,85771.06000000144
2012-10-10,80176.15000000117
2012-10-11,81019.16000000088
2012-10-12,94706.86000000095
2012-10-13,114498.7500000007
2012-10-14,116632.0600000009
2012-10-15,93162.72000000093
2012-10-16,74792.43000000108
2012-10-17,72794.66000000111
2012-10-18,71705.39000000115
2012-10-19,81988.43000000104
2012-10-20,102880.79000000082
2012-10-21,103106.08000000022
2012-10-22,73397.30000000124
2012-10-23,69097.35000000116
2012-10-24,66150.19000000006
2012-10-25,65792.68000000123
2012-10-26,87683.39000000113
2012-10-27,107194.80000000175
2012-10-28,102602.00000000036
2012-10-29,77518.57000000011
2012-10-30,77460.65000000127
2012-10-31,69301.79000000106
2012-11-01,83905.0400000012
2012-11-02,96565.82000000105
2012-11-03,123449.9300000011
2012-11-04,119043.69000000095
2012-11-05,91324.41000000123
2012-11-06,83593.08000000114
2012-11-07,81200.81000000145
2012-11-08,85112.67000000115
2012-11-09,98627.0900000005
2012-11-10,118099.14000000163
2012-11-11,119772.9900000005
2012-11-12,91036.96000000082
2012-11-13,77231.03000000126
2012-11-14,76598.40000000133
2012-11-15,82419.56000000084
2012-11-16,88963.610000001
2012-11-17,113252.55000000095
2012-11-18,106357.21000000076
2012-11-19,81567.8900000009
2012-11-20,82887.61000000073
2012-11-21,94605.56000000055
2012-11-22,57325.34000000028
2012-11-23,65857.05000000125
2012-11-24,85698.11000000086
2012-11-25,93254.86000000115
2012-11-26,76118.06000000142
2012-11-27,69416.43000000122
2012-11-28,66304.93000000116
2012-11-29,66571.13000000136
2012-11-30,85718.63000000145
2012-12-01,118077.09000000042
2012-12-02,114850.230000001
2012-12-03,98228.22000000125
2012-12-04,80885.08000000093
2012-12-05,85238.32000000104
2012-12-06,86786.45000000019
2012-12-07,92924.77000000095
2012-12-08,115424.06000000112
2012-12-09,120409.87000000088
2012-12-10,86990.63000000105
2012-12-11,85960.0900000007
2012-12-12,83252.82000000088
2012-12-13,80903.54000000122
2012-12-14,93185.9000000013
2012-12-15,117700.86000000067
2012-12-16,113065.0200000011
2012-12-17,87663.15000000157
2012-12-18,84829.47000000125
2012-12-19,86869.14000000122
2012-12-20,86796.96000000036
2012-12-21,91354.69000000166
2012-12-22,111457.53000000144
2012-12-23,104602.44000000143
2012-12-24,84275.27000000127
2012-12-25,24.73
2012-12-26,83689.730000001
2012-12-27,81133.74000000098
2012-12-28,90477.96000000142
2012-12-29,103346.63000000102
2012-12-30,96194.120000001
2012-12-31,93035.44000000127
2013-01-01,65700.37000000132
2013-01-02,87961.12000000125
2013-01-03,96227.24000000069
2013-01-04,90897.42000000148
2013-01-05,116164.50000000125
2013-01-06,120076.15000000116
2013-01-07,91454.58000000125
2013-01-08,85216.73000000055
2013-01-09,82188.35000000114
2013-01-10,82292.14000000125
2013-01-11,97568.55000000143
2013-01-12,126446.40000000113
2013-01-13,114003.79000000075
2013-01-14,86170.12000000136
2013-01-15,87034.58000000182
2013-01-16,80448.27000000136
2013-01-17,81080.71000000017
2013-01-18,93370.23000000163
2013-01-19,120200.6000000019
2013-01-20,104855.56000000145
2013-01-21,87843.49000000082
2013-01-22,72773.65000000114
2013-01-23,71643.59000000147
2013-01-24,69963.10000000142
2013-01-25,84246.95000000141
2013-01-26,113707.74000000118
2013-01-27,108192.79000000168
2013-01-28,77048.57000000123
2013-01-29,69889.39000000122
2013-01-30,64729.83000000143
2013-01-31,74801.5099999999
2013-02-01,106810.76000000119
2013-02-02,139749.03000000154
2013-02-03,116249.01000000148
2013-02-04,82050.22000000183
2013-02-05,90345.3600000012
2013-02-06,89786.5800000017
2013-02-07,83909.66000000152
2013-02-08,100270.7300000012
2013-02-09,131299.83000000136
2013-02-10,123406.04000000191
2013-02-11,99295.97000000141
2013-02-12,98609.99000000172
2013-02-13,102841.75000000096
2013-02-14,80359.25000000096
2013-02-15,104846.82000000121
2013-02-16,123105.31000000132
2013-02-17,124863.84000000116
2013-02-18,96132.97000000096
2013-02-19,77800.88000000107
2013-02-20,82700.24000000168
2013-02-21,85687.49000000121
2013-02-22,89526.67000000167
2013-02-23,117910.71000000104
2013-02-24,123219.82000000194
2013-02-25,89046.60000000143
2013-02-26,76897.050000001
2013-02-27,76298.68000000028
2013-02-28,84557.19000000146
2013-03-01,109978.44000000188
2013-03-02,138216.62000000203
2013-03-03,135239.34000000195
2013-03-04,98796.43000000126
2013-03-05,86328.25000000118
2013-03-06,87826.56000000161
2013-03-07,81681.43000000148
2013-03-08,94743.39000000057
2013-03-09,122499.53000000112
2013-03-10,122138.40000000168
2013-03-11,100482.18000000116
2013-03-12,93875.99000000111
2013-03-13,88926.73000000094
2013-03-14,89026.52000000144
2013-03-15,103556.86000000138
2013-03-16,122149.38000000121
2013-03-17,121073.76000000183
2013-03-18,88643.50000000134
2013-03-19,82325.42000000122
2013-03-20,81135.9500000016
2013-03-21,81769.99000000142
2013-03-22,92992.32000000132
2013-03-23,114056.92000000156
2013-03-24,117924.70000000113
2013-03-25,84649.56000000158
2013-03-26,81144.47000000053
2013-03-27,78908.38000000143
2013-03-28,80888.63000000184
2013-03-29,102358.11000000207
2013-03-30,125079.32000000097
2013-03-31,91968.0000000013
2013-04-01,93263.21000000101
2013-04-02,91451.57000000117
2013-04-03,94856.01000000135
2013-04-04,85918.31000000145
2013-04-05,99702.11000000153
2013-04-06,124455.08000000188
2013-04-07,127707.27000000168
2013-04-08,95391.80000000083
2013-04-09,91455.84000000148
2013-04-10,83300.42000000189
2013-04-11,88198.43000000138
2013-04-12,97169.56000000131
2013-04-13,119574.6400000017
2013-04-14,120347.33000000188
2013-04-15,94241.24000000143
2013-04-16,84935.1000000017
2013-04-17,78682.32000000075
2013-04-18,77967.4200000017
2013-04-19,89579.65000000146
2013-04-20,111942.16000000162
2013-04-21,114100.40000000084
2013-04-22,84981.98000000138
2013-04-23,76612.42000000128
2013-04-24,77178.49000000168
2013-04-25,75095.0300000012
2013-04-26,87257.44000000154
2013-04-27,98241.93000000188
2013-04-28,111621.30000000168
2013-04-29,77428.00000000179
2013-04-30,77870.70000000112
2013-05-01,85944.07000000165
2013-05-02,85637.45000000189
2013-05-03,99464.93000000193
2013-05-04,111298.22000000122
2013-05-05,121402.47000000154
2013-05-06,99634.17000000158
2013-05-07,86934.92000000196
2013-05-08,86452.70000000135
2013-05-09,92022.74000000194
2013-05-10,93161.69000000179
2013-05-11,121749.0400000016
2013-05-12,103145.9300000018
2013-05-13,95458.56000000122
2013-05-14,90782.15000000132
2013-05-15,93742.88000000162
2013-05-16,87900.89000000176
2013-05-17,94287.5600000011
2013-05-18,111622.20000000163
2013-05-19,119555.60000000213
2013-05-20,90981.99000000131
2013-05-21,83042.23000000049
2013-05-22,80005.20000000157
2013-05-23,83364.92000000131
2013-05-24,95720.58000000146
2013-05-25,106632.31000000186
2013-05-26,98848.40000000164
2013-05-27,101538.19000000166
2013-05-28,81396.5300000017
2013-05-29,74663.89000000167
2013-05-30,77186.61000000153
2013-05-31,98479.2400000014
2013-06-01,122896.1000000015
2013-06-02,130340.25000000201
2013-06-03,107966.83000000121
2013-06-04,91403.99000000182
2013-06-05,95246.31000000155
2013-06-06,90402.57000000132
2013-06-07,101616.90000000088
2013-06-08,119867.13000000216
2013-06-09,131224.89000000217
2013-06-10,99579.41000000194
2013-06-11,93897.46000000167
2013-06-12,92215.53000000218
2013-06-13,90859.8800000015
2013-06-14,106006.95000000174
2013-06-15,125331.97000000245
2013-06-16,106486.73000000195
2013-06-17,91832.20000000155
2013-06-18,85282.13000000198
2013-06-19,84318.00000000131
2013-06-20,85936.92000000105
2013-06-21,98106.76000000189
2013-06-22,112246.05000000188
2013-06-23,116677.80000000184
2013-06-24,92186.30000000054
2013-06-25,84821.78000000179
2013-06-26,81944.7200000016
2013-06-27,83287.61000000197
2013-06-28,96372.77000000114
2013-06-29,117396.21000000199
2013-06-30,119105.02000000184
2013-07-01,101331.26000000192
2013-07-02,98688.2100000017
2013-07-03,116582.30000000178
2013-07-04,95801.06000000144
2013-07-05,108572.72000000239
2013-07-06,111763.93000000149
2013-07-07,122577.98000000209
2013-07-08,101369.02000000201
2013-07-09,99078.64000000157
2013-07-10,93333.24000000126
2013-07-11,97425.2600000014
2013-07-12,109476.96000000215
2013-07-13,122543.69000000237
2013-07-14,126518.08000000186
2013-07-15,102451.87000000107
2013-07-16,90162.80000000169
2013-07-17,88620.860000002
2013-07-18,91544.18000000196
2013-07-19,99619.22000000114
2013-07-20,113131.06000000177
2013-07-21,115806.86000000205
2013-07-22,88400.27000000112
2013-07-23,84544.84000000099
2013-07-24,84281.15000000165
2013-07-25,85181.36000000198
2013-07-26,99014.26000000256
2013-07-27,111809.77000000165
2013-07-28,109948.85000000184
2013-07-29,85384.78000000119
2013-07-30,80119.32000000184
2013-07-31,84774.82000000178
2013-08-01,99835.24000000191
2013-08-02,111457.85000000149
2013-08-03,126845.58000000234
2013-08-04,122492.50000000239
2013-08-05,105621.69000000173
2013-08-06,97978.200000002
2013-08-07,92277.6300000014
2013-08-08,93793.55000000187
2013-08-09,108681.36000000163
2013-08-10,119189.35000000239
2013-08-11,127645.14000000201
2013-08-12,104240.83000000185
2013-08-13,93482.77000000134
2013-08-14,90382.45000000228
2013-08-15,100547.71000000197
2013-08-16,101461.10000000158
2013-08-17,120979.04000000164
2013-08-18,121544.66000000155
2013-08-19,93496.94000000149
2013-08-20,84287.90000000151
2013-08-21,85466.65000000065
2013-08-22,86071.26000000222
2013-08-23,95482.04000000187
2013-08-24,116677.56000000212
2013-08-25,128777.44000000156
2013-08-26,92497.86000000162
2013-08-27,86705.35000000164
2013-08-28,85288.64000000153
2013-08-29,82642.26000000053
2013-08-30,107882.66000000147
2013-08-31,125909.02000000195
2013-09-01,117521.96000000191
2013-09-02,125111.01000000047
2013-09-03,98753.99000000142
2013-09-04,89009.68000000165
2013-09-05,92372.87000000164
2013-09-06,101463.43000000142
2013-09-07,125794.28000000145
2013-09-08,136963.78000000233
2013-09-09,105523.86000000227
2013-09-10,91360.16000000079
2013-09-11,95027.62000000165
2013-09-12,96451.7700000017
2013-09-13,105848.26000000157
2013-09-14,130352.04000000184
2013-09-15,139954.68000000293
2013-09-16,98861.02000000143
2013-09-17,88364.43000000127
2013-09-18,84602.92000000151
2013-09-19,81310.87000000148
2013-09-20,96800.83000000184
2013-09-21,122002.3100000022
2013-09-22,123276.4000000018
2013-09-23,88519.49000000159
2013-09-24,81037.64000000211
2013-09-25,79351.86000000178
2013-09-26,81504.16000000201
2013-09-27,94002.00000000195
2013-09-28,118333.98000000163
2013-09-29,119204.97000000205
2013-09-30,89474.84000000144
2013-10-01,98235.97000000178
2013-10-02,89648.21000000184
2013-10-03,100272.44000000122
2013-10-04,101865.63000000229
2013-10-05,132862.73000000278
2013-10-06,139696.3400000028
2013-10-07,104143.47000000198
2013-10-08,96191.81000000163
2013-10-09,97636.17000000206
2013-10-10,93795.69000000152
2013-10-11,105338.77000000178
2013-10-12,129360.93000000186
2013-10-13,131945.09000000203
2013-10-14,103603.34000000205
2013-10-15,93560.03000000185
2013-10-16,89307.86000000166
2013-10-17,84266.53000000157
2013-10-18,95083.21000000156
2013-10-19,118889.51000000208
2013-10-20,123760.61000000259
2013-10-21,91453.8500000015
2013-10-22,81964.26000000176
2013-10-23,82364.57000000207
2013-10-24,82427.69000000232
2013-10-25,94180.73000000167
2013-10-26,118983.68000000241
2013-10-27,116132.27000000233
2013-10-28,89376.58000000166
2013-10-29,81769.03000000172
2013-10-30,85806.35000000145
2013-10-31,74300.46000000152
2013-11-01,108714.28000000198
2013-11-02,128993.1800000024
2013-11-03,133274.95000000205
2013-11-04,92429.51000000164
2013-11-05,93036.90000000197
2013-11-06,90744.60000000121
2013-11-07,87453.61000000185
2013-11-08,96000.98000000177
2013-11-09,125832.35000000185
2013-11-10,123290.5700000024
2013-11-11,100240.85000000185
2013-11-12,87961.99000000187
2013-11-13,81405.19000000156
2013-11-14,80025.79000000148
2013-11-15,97677.55000000163
2013-11-16,123758.2700000025
2013-11-17,121528.13000000201
2013-11-18,89659.65000000199
2013-11-19,78798.40000000194
2013-11-20,78219.92000000198
2013-11-21,78612.880000002
2013-11-22,91412.13000000177
2013-11-23,114542.03000000294
2013-11-24,111834.59000000202
2013-11-25,81235.37000000181
2013-11-26,87937.79000000155
2013-11-27,97514.29000000174
2013-11-28,53637.3700000011
2013-11-29,75190.81000000177
2013-11-30,91397.19000000213
2013-12-01,108956.24000000222
2013-12-02,97564.81000000177
2013-12-03,100660.04000000186
2013-12-04,83946.15000000189
2013-12-05,93452.57000000181
2013-12-06,99470.83000000169
2013-12-07,119206.9600000022
2013-12-08,115147.2600000018
2013-12-09,93889.66000000182
2013-12-10,86209.23000000174
2013-12-11,87138.20000000174
2013-12-12,87482.50000000196
2013-12-13,99522.62000000187
2013-12-14,117284.76000000197
2013-12-15,124487.33000000182
2013-12-16,91780.8900000011
2013-12-17,85584.72000000197
2013-12-18,88651.9100000014
2013-12-19,92217.09000000154
2013-12-20,91335.48000000205
2013-12-21,115730.42000000142
2013-12-22,99719.22000000173
2013-12-23,98026.52000000204
2013-12-24,84324.4400000016
2013-12-25,34.32
2013-12-26,92066.74000000131
2013-12-27,92670.82000000116
2013-12-28,103067.08000000186
2013-12-29,95122.67000000164
2013-12-30,87896.21000000174
2013-12-31,92878.59000000129
2014-01-01,65695.49000000149
2014-01-02,92850.68000000171
2014-01-03,108770.32000000199
2014-01-04,123749.05000000107
2014-01-05,124867.03000000207
2014-01-06,89328.91000000176
2014-01-07,84927.12000000181
2014-01-08,92245.44000000088
2014-01-09,92847.98000000212
2014-01-10,91497.70000000196
2014-01-11,130728.23000000266
2014-01-12,127825.47000000125
2014-01-13,91681.0400000019
2014-01-14,81989.30000000173
2014-01-15,87791.59000000173
2014-01-16,83703.47000000036
2014-01-17,95181.30000000201
2014-01-18,119520.25000000234
2014-01-19,113721.10000000258
2014-01-20,93788.15000000072
2014-01-21,77489.78000000185
2014-01-22,78383.61000000182
2014-01-23,73180.33000000166
2014-01-24,86541.99000000054
2014-01-25,113928.05000000265
2014-01-26,111814.59000000195
2014-01-27,82367.07000000152
2014-01-28,66370.69000000086
2014-01-29,70500.04000000175
2014-01-30,74295.5900000018
2014-01-31,99439.32000000199
2014-02-01,125657.37000000181
2014-02-02,120626.51000000293
2014-02-03,103182.23000000197
2014-02-04,83749.14000000205
2014-02-05,85332.1400000022
2014-02-06,88370.11000000178
2014-02-07,94285.0400000019
2014-02-08,133841.74000000168
2014-02-09,137581.68000000273
2014-02-10,93561.64000000128
2014-02-11,92660.81000000236
2014-02-12,103991.72000000067
2014-02-13,106202.14000000224
2014-02-14,96461.4500000017
2014-02-15,127827.91000000268
2014-02-16,126257.13000000181
2014-02-17,97775.77000000149
2014-02-18,87818.51000000183
2014-02-19,85022.800000002
2014-02-20,84679.20000000054
2014-02-21,94373.6300000016
2014-02-22,119641.57000000242
2014-02-23,128902.95000000214
2014-02-24,91889.0500000008
2014-02-25,85151.44000000146
2014-02-26,76801.71000000193
2014-02-27,84226.74000000197
2014-02-28,98132.07000000209
2014-03-01,132998.96000000375
2014-03-02,133931.97000000262
2014-03-03,105205.02000000185
2014-03-04,85550.56000000215
2014-03-05,88877.02000000166
2014-03-06,92265.54000000216
2014-03-07,97633.00000000116
2014-03-08,123671.13000000206
2014-03-09,144249.35000000364
2014-03-10,107469.84000000189
2014-03-11,98744.6600000009
2014-03-12,99400.15000000184
2014-03-13,93915.65000000193
2014-03-14,105924.08000000246
2014-03-15,128984.4500000018
2014-03-16,133422.1200000028
2014-03-17,94327.28000000175
2014-03-18,86365.2900000021
2014-03-19,84832.66000000216
2014-03-20,81828.10000000185
2014-03-21,94605.73000000218
2014-03-22,117496.91000000152
2014-03-23,127929.56000000224
2014-03-24,92064.07000000175
2014-03-25,81653.15000000127
2014-03-26,77024.70000000019
2014-03-27,87514.18000000218
2014-03-28,93916.08000000234
2014-03-29,117650.49000000251
2014-03-30,124223.23000000135
2014-03-31,88910.5500000021
2014-04-01,96288.60000000191
2014-04-02,95336.67000000172
2014-04-03,100332.85000000217
2014-04-04,99729.0500000018
2014-04-05,130015.13000000242
2014-04-06,138972.92000000126
2014-04-07,102170.97000000179
2014-04-08,97335.15000000162
2014-04-09,96807.20000000161
2014-04-10,91180.9400000007
2014-04-11,105318.01000000216
2014-04-12,129735.47000000217
2014-04-13,133641.64000000292
2014-04-14,100789.49000000194
2014-04-15,103086.39000000153
2014-04-16,97582.66000000149
2014-04-17,93141.86000000156
2014-04-18,110277.7200000022
2014-04-19,133475.7200000027
2014-04-20,110288.48000000161
2014-04-21,90942.02000000096
2014-04-22,88319.01000000176
2014-04-23,85888.93000000164
2014-04-24,88049.3700000016
2014-04-25,96174.86000000108
2014-04-26,122726.51000000256
2014-04-27,126735.89000000224
2014-04-28,89362.12000000139
2014-04-29,83844.6800000018
2014-04-30,83868.99000000178
2014-05-01,97001.60000000168
2014-05-02,110038.47000000137
2014-05-03,131130.5000000025
2014-05-04,132802.94000000268
2014-05-05,103866.3900000015
2014-05-06,96271.85000000124
2014-05-07,92379.09000000182
2014-05-08,91008.92000000182
2014-05-09,105102.33000000218
2014-05-10,123264.42000000218
2014-05-11,109848.6700000018
2014-05-12,106588.78000000172
2014-05-13,96494.86000000095
2014-05-14,92944.0300000018
2014-05-15,98030.72000000186
2014-05-16,100920.96000000188
2014-05-17,117850.99000000131
2014-05-18,125455.53000000199
2014-05-19,94784.05000000181
2014-05-20,86580.42000000202
2014-05-21,84866.83000000168
2014-05-22,88275.61000000205
2014-05-23,97655.53000000142
2014-05-24,109838.43000000139
2014-05-25,105176.50000000084
2014-05-26,100995.65000000165
2014-05-27,84471.95000000189
2014-05-28,81881.45000000123
2014-05-29,79964.9300000015
2014-05-30,98339.22000000135
2014-05-31,117114.00000000178
2014-06-01,129673.85000000229
2014-06-02,106476.13000000178
2014-06-03,108237.40000000132
2014-06-04,94968.68000000087
2014-06-05,100267.14000000164
2014-06-06,105516.31000000211
2014-06-07,127453.36000000223
2014-06-08,128571.81000000244
2014-06-09,109436.6700000019
2014-06-10,95818.02000000158
2014-06-11,97363.58000000131
2014-06-12,97583.88000000155
2014-06-13,107753.43000000183
2014-06-14,126365.07000000286
2014-06-15,119745.05000000127
2014-06-16,101207.30000000163
2014-06-17,93719.11000000176
2014-06-18,89381.8100000021
2014-06-19,93788.22000000169
2014-06-20,105095.8900000018
2014-06-21,118615.34000000218
2014-06-22,122216.94000000152
2014-06-23,93652.94000000157
2014-06-24,84826.62000000216
2014-06-25,83374.66000000204
2014-06-26,82934.99000000159
2014-06-27,95019.360000002
2014-06-28,112287.76000000283
2014-06-29,114098.74000000184
2014-06-30,94375.60000000174
2014-07-01,106332.22000000221
2014-07-02,105217.54000000196
2014-07-03,130101.5600000016
2014-07-04,106488.17000000128
2014-07-05,113354.28000000244
2014-07-06,126298.87000000285
2014-07-07,106208.84000000209
2014-07-08,103248.53000000224
2014-07-09,106183.36000000202
2014-07-10,100312.77000000107
2014-07-11,114105.20000000209
2014-07-12,133329.95000000243
2014-07-13,124939.8400000024
2014-07-14,101471.54000000097
2014-07-15,99753.48000000168
2014-07-16,93020.03000000183
2014-07-17,91137.54000000136
2014-07-18,100767.3300000021
2014-07-19,118889.61000000268
2014-07-20,120936.35000000219
2014-07-21,94082.15000000085
2014-07-22,86998.84000000225
2014-07-23,85977.60000000225
2014-07-24,84253.5200000017
2014-07-25,93108.06000000208
2014-07-26,109609.62000000228
2014-07-27,118750.46000000193
2014-07-28,93586.92000000089
2014-07-29,85736.74000000217
2014-07-30,85316.1500000017
2014-07-31,89807.41000000229
2014-08-01,121290.0300000019
2014-08-02,131454.1400000024
2014-08-03,131917.43000000218
2014-08-04,100029.91000000139
2014-08-05,98909.8000000011
2014-08-06,95917.58000000186
2014-08-07,94402.16000000182
2014-08-08,105177.17000000086
2014-08-09,124172.91000000239
2014-08-10,121403.48000000195
2014-08-11,100093.57000000143
2014-08-12,99162.73000000227
2014-08-13,95785.43000000186
2014-08-14,95080.46000000167
2014-08-15,106070.97000000137
2014-08-16,124102.96000000191
2014-08-17,132448.1600000025
2014-08-18,100880.4200000017
2014-08-19,90313.40000000181
2014-08-20,90602.85000000184
2014-08-21,91595.06000000147
2014-08-22,104528.68000000136
2014-08-23,126619.26000000189
2014-08-24,136646.8900000026
2014-08-25,100198.44000000188
2014-08-26,90226.11000000213
2014-08-27,84276.91000000197
2014-08-28,86502.9100000016
2014-08-29,108047.01000000178
2014-08-30,124025.4700000028
2014-08-31,113717.62000000205
2014-09-01,126328.12000000275
2014-09-02,97582.30000000188
2014-09-03,105199.21000000181
2014-09-04,90592.03000000186
2014-09-05,102031.55000000098
2014-09-06,130746.31000000206
2014-09-07,134513.62000000244
2014-09-08,102573.23000000161
2014-09-09,97603.36000000135
2014-09-10,92950.09000000193
2014-09-11,100843.1500000021
2014-09-12,110879.59000000107
2014-09-13,139489.64000000287
2014-09-14,135263.12000000235
2014-09-15,106799.96000000159
2014-09-16,90009.250000001
2014-09-17,87925.5500000017
2014-09-18,86467.13000000177
2014-09-19,102884.16000000156
2014-09-20,126171.17000000195
2014-09-21,130875.1300000019
2014-09-22,93440.19000000144
2014-09-23,85666.13000000044
2014-09-24,84655.45000000176
2014-09-25,85692.39000000177
2014-09-26,97685.7500000018
2014-09-27,119319.320000002
2014-09-28,126838.85000000118
2014-09-29,93055.22000000122
2014-09-30,89194.64000000068
2014-10-01,103855.94000000195
2014-10-02,101171.1100000021
2014-10-03,122473.61000000163
2014-10-04,140676.87000000346
2014-10-05,147665.59000000378
2014-10-06,112487.30000000176
2014-10-07,100347.47000000125
2014-10-08,99152.45000000205
2014-10-09,101025.66000000182
2014-10-10,105180.0800000023
2014-10-11,135956.59000000343
2014-10-12,145531.5200000037
2014-10-13,103692.57000000167
2014-10-14,99248.25000000108
2014-10-15,103345.83000000165
2014-10-16,92675.66000000181
2014-10-17,103065.25000000207
2014-10-18,132795.96000000232
2014-10-19,134735.16000000236
2014-10-20,99993.07000000204
2014-10-21,90011.63000000094
2014-10-22,85476.62000000167
2014-10-23,87259.00000000236
2014-10-24,99310.74000000245
2014-10-25,123654.99000000239
2014-10-26,126245.14000000227
2014-10-27,95533.92000000161
2014-10-28,85353.6400000008
2014-10-29,83512.34000000202
2014-10-30,91554.90000000174
2014-10-31,99272.47000000204
2014-11-01,137201.48000000295
2014-11-02,144262.74000000386
2014-11-03,117673.47000000179
2014-11-04,97257.73000000113
2014-11-05,93836.06000000196
2014-11-06,102210.46000000156
2014-11-07,105916.84000000195
2014-11-08,137285.2200000032
2014-11-09,144849.74000000342
2014-11-10,104484.02000000158
2014-11-11,98083.12000000093
2014-11-12,90494.9300000019
2014-11-13,86971.1700000019
2014-11-14,102727.65000000148
2014-11-15,134778.22000000245
2014-11-16,136646.12000000328
2014-11-17,99438.75000000179
2014-11-18,87329.05000000063
2014-11-19,86050.46000000184
2014-11-20,85721.91000000159
2014-11-21,100418.04000000225
2014-11-22,129985.23000000145
2014-11-23,125730.69000000203
2014-11-24,96134.1600000017
2014-11-25,95506.63000000123
2014-11-26,108912.99000000216
2014-11-27,62226.45000000154
2014-11-28,80040.23000000193
2014-11-29,104672.49000000236
2014-11-30,110097.89000000224
2014-12-01,104445.34000000177
2014-12-02,93644.75000000079
2014-12-03,100182.59000000183
2014-12-04,97799.22000000163
2014-12-05,114369.39000000097
2014-12-06,134196.84000000297
2014-12-07,135042.0400000024
2014-12-08,102062.25000000167
2014-12-09,98257.53000000084
2014-12-10,98037.80000000216
2014-12-11,80146.13000000124
2014-12-12,103606.47000000134
2014-12-13,125213.8000000024
2014-12-14,135110.93000000273
2014-12-15,106547.680000002
2014-12-16,91836.400000001
2014-12-17,93689.91000000105
2014-12-18,100046.2900000018
2014-12-19,92852.38000000129
2014-12-20,122475.08000000232
2014-12-21,119613.33000000243
2014-12-22,103582.14000000183
2014-12-23,105444.57000000129
2014-12-24,90657.60000000196
2014-12-25,37.86000000000001
2014-12-26,104277.53000000153
2014-12-27,101517.23000000208
2014-12-28,100642.10000000193
2014-12-29,93173.40000000192
2014-12-30,94000.13000000127
2014-12-31,106198.26000000171
2015-01-01,82419.48000000157
2015-01-02,122565.70000000185
2015-01-03,127966.49000000219
2015-01-04,122497.18000000164
2015-01-05,108402.43000000184
2015-01-06,99472.1000000017
2015-01-07,89744.46000000193
2015-01-08,89985.51000000174
2015-01-09,105474.73000000122
2015-01-10,136557.12000000305
2015-01-11,138496.5700000034
2015-01-12,105880.86000000229
2015-01-13,90534.80000000188
2015-01-14,92767.0100000024
2015-01-15,100707.37000000245
2015-01-16,104807.43000000124
2015-01-17,136484.9000000031
2015-01-18,126685.92000000244
2015-01-19,106383.93000000177
2015-01-20,87147.1400000018
2015-01-21,85618.24000000206
2015-01-22,77256.45000000183
2015-01-23,95199.70000000094
2015-01-24,125985.0400000023
2015-01-25,127043.37000000232
2015-01-26,90828.97000000144
2015-01-27,82571.75000000176
2015-01-28,82062.18000000212
2015-01-29,83845.1000000023
2015-01-30,112909.0300000018
2015-01-31,150369.9600000043
2015-02-01,120588.48000000203
2015-02-02,104233.54000000146
2015-02-03,110864.14000000207
2015-02-04,101687.19000000243
2015-02-05,102668.230000002
2015-02-06,107277.63000000222
2015-02-07,151816.4000000052
2015-02-08,152700.40000000497
2015-02-09,117613.12000000193
2015-02-10,108126.74000000225
2015-02-11,108078.75000000265
2015-02-12,115708.22000000245
2015-02-13,112409.14000000287
2015-02-14,128469.93000000277
2015-02-15,140256.1600000039
2015-02-16,116163.08000000133
2015-02-17,96497.11000000189
2015-02-18,87432.65000000254
2015-02-19,90275.14000000119
2015-02-20,103152.0400000022
2015-02-21,132141.4300000033
2015-02-22,136822.14000000394
2015-02-23,99071.14000000212
2015-02-24,92196.4000000023
2015-02-25,90718.38000000216
2015-02-26,92121.69000000095
2015-02-27,105107.9000000029
2015-02-28,138673.0300000041
2015-03-01,148438.8800000053
2015-03-02,113829.35000000248
2015-03-03,108002.02000000245
2015-03-04,100027.8300000024
2015-03-05,102463.25000000132
2015-03-06,112089.71000000238
2015-03-07,140162.25000000323
2015-03-08,149977.06000000195
2015-03-09,113439.82000000286
2015-03-10,106317.54000000235
2015-03-11,103024.56000000233
2015-03-12,106397.23000000145
2015-03-13,112677.56000000222
2015-03-14,137480.59000000457
2015-03-15,152567.5600000025
2015-03-16,110998.50000000211
2015-03-17,98187.40000000215
2015-03-18,93405.82000000188
2015-03-19,92319.07000000184
2015-03-20,103131.61000000245
2015-03-21,131102.4900000025
2015-03-22,140114.22000000277
2015-03-23,102645.27000000192
2015-03-24,83677.31000000154
2015-03-25,101850.25000000236
2015-03-26,92770.11000000185
2015-03-27,100537.37000000257
2015-03-28,129264.21000000327
2015-03-29,132964.10000000193
2015-03-30,98970.30000000255
2015-03-31,96062.00000000268
2015-04-01,108987.8800000016
2015-04-02,102289.0400000023
2015-04-03,132751.01000000356
2015-04-04,147209.15000000523
2015-04-05,133510.81000000215
2015-04-06,115675.68000000261
2015-04-07,106346.04000000237
2015-04-08,107403.58000000149
2015-04-09,107586.05000000274
2015-04-10,114582.66000000204
2015-04-11,140711.93000000322
2015-04-12,150877.680000005
2015-04-13,108344.86000000272
2015-04-14,102896.9200000024
2015-04-15,106913.88000000105
2015-04-16,98373.49000000278
2015-04-17,103030.58000000255
2015-04-18,132625.89000000234
2015-04-19,141758.65000000433
2015-04-20,105781.23000000238
2015-04-21,96606.0500000022
2015-04-22,95237.6500000013
2015-04-23,96460.08000000218
2015-04-24,107246.87000000241
2015-04-25,136837.4600000024
2015-04-26,136222.47000000352
2015-04-27,105241.6700000025
2015-04-28,92166.61000000169
2015-04-29,87708.0600000023
2015-04-30,94389.67000000247
2015-05-01,124224.9400000025
2015-05-02,141390.17000000144
2015-05-03,154247.3800000056
2015-05-04,118548.40000000254
2015-05-05,107840.7200000014
2015-05-06,107104.57000000244
2015-05-07,103686.67000000246
2015-05-08,114876.10000000257
2015-05-09,145414.72000000265
2015-05-10,119017.59000000334
2015-05-11,117806.88000000194
2015-05-12,109681.88000000166
2015-05-13,104737.64000000208
2015-05-14,102147.15000000216
2015-05-15,116856.31000000221
2015-05-16,138699.23000000374
2015-05-17,141537.8400000039
2015-05-18,108710.6900000019
2015-05-19,97688.68000000129
2015-05-20,98024.290000002
2015-05-21,95351.74000000209
2015-05-22,113071.5500000021
2015-05-23,125406.28000000257
2015-05-24,121743.33000000262
2015-05-25,121412.9300000023
2015-05-26,97959.50000000151
2015-05-27,94623.02000000162
2015-05-28,93154.05000000185
2015-05-29,100133.44000000149
2015-05-30,126926.05000000315
2015-05-31,138319.0300000035
2015-06-01,120562.72000000266
2015-06-02,108308.50000000255
2015-06-03,114517.20000000257
2015-06-04,105612.24000000235
2015-06-05,117720.24000000159
2015-06-06,141780.02000000383
2015-06-07,146275.62000000395
2015-06-08,118147.73000000147
2015-06-09,112052.7200000025
2015-06-10,106357.76000000215
2015-06-11,106235.66000000184
2015-06-12,118629.74000000226
2015-06-13,135317.91000000347
2015-06-14,143739.41000000393
2015-06-15,140645.4500000022
2015-06-16,95151.7500000014
2015-06-17,95385.91000000206
2015-06-18,102203.03000000164
2015-06-19,111813.65000000258
2015-06-20,129448.99000000162
2015-06-21,121644.2000000021
2015-06-22,104958.79000000143
2015-06-23,97983.43000000202
2015-06-24,94114.02000000181
2015-06-25,93913.36000000083
2015-06-26,107181.0400000017
2015-06-27,125620.34000000224
2015-06-28,130587.16000000217
2015-06-29,102892.49000000142
2015-06-30,95041.33000000221
2015-07-01,112471.03000000164
2015-07-02,124629.56000000192
2015-07-03,157721.6000000036
2015-07-04,109252.88000000172
2015-07-05,131747.0600000008
2015-07-06,124382.36000000218
2015-07-07,112107.20000000187
2015-07-08,109268.79000000223
2015-07-09,112585.3300000019
2015-07-10,121186.03000000142
2015-07-11,142596.68000000351
2015-07-12,149849.17000000234
2015-07-13,118378.980000002
2015-07-14,108693.82000000226
2015-07-15,114399.49000000145
2015-07-16,112367.93000000175
2015-07-17,121901.32000000204
2015-07-18,136418.9400000031
2015-07-19,141206.38000000094
2015-07-20,112895.48000000222
2015-07-21,102282.91000000223
2015-07-22,98298.1700000013
2015-07-23,100600.55000000232
2015-07-24,113530.14000000195
2015-07-25,128140.12000000184
2015-07-26,134069.44000000303
2015-07-27,107559.61000000189
2015-07-28,96801.40000000192
2015-07-29,93645.40000000142
2015-07-30,98858.76000000242
2015-07-31,123106.95000000254
2015-08-01,147714.4600000013
2015-08-02,153037.76000000475
2015-08-03,135070.25000000338
2015-08-04,112771.64000000167
2015-08-05,113009.67000000212
2015-08-06,113802.68000000156
2015-08-07,122056.83000000223
2015-08-08,144078.75000000198
2015-08-09,156706.470000005
2015-08-10,116266.04000000238
2015-08-11,107945.53000000119
2015-08-12,111714.18000000228
2015-08-13,107328.2700000022
2015-08-14,119834.9300000019
2015-08-15,146425.28000000195
2015-08-16,152766.9200000057
2015-08-17,118306.4400000028
2015-08-18,107223.41000000155
2015-08-19,101686.98000000262
2015-08-20,98606.39000000227
2015-08-21,111290.15000000261
2015-08-22,136677.56000000387
2015-08-23,146334.24000000468
2015-08-24,106816.39000000186
2015-08-25,96872.74000000092
2015-08-26,96770.53000000156
2015-08-27,96683.77000000242
2015-08-28,106949.1600000015
2015-08-29,135630.53000000404
2015-08-30,147140.32000000525
2015-08-31,108437.24000000191
2015-09-01,113222.66000000239
2015-09-02,108753.43000000232
2015-09-03,115525.16000000235
2015-09-04,118038.57000000184
2015-09-05,141280.0200000043
2015-09-06,130910.1000000029
2015-09-07,136345.00000000227
2015-09-08,107219.80000000204
2015-09-09,110386.5800000024
2015-09-10,106889.28000000215
2015-09-11,118546.32000000234
2015-09-12,149581.0700000057
2015-09-13,155185.01000000496
2015-09-14,115214.26000000146
2015-09-15,110551.27000000222
2015-09-16,99786.8700000021
2015-09-17,102069.36000000217
2015-09-18,116140.90000000247
2015-09-19,147238.3400000047
2015-09-20,152956.47000000536
2015-09-21,111121.8100000015
2015-09-22,101548.06000000189
2015-09-23,102078.12000000209
2015-09-24,99041.98000000129
2015-09-25,116607.88000000245
2015-09-26,140574.6100000038
2015-09-27,147900.40000000538
2015-09-28,103761.81000000236
2015-09-29,94829.33000000243
2015-09-30,95573.90000000218
2015-10-01,114303.60000000152
2015-10-02,132899.06000000326
2015-10-03,165268.3200000066
2015-10-04,162030.09000000174
2015-10-05,129670.50000000259
2015-10-06,118088.73000000238
2015-10-07,108279.80000000243
2015-10-08,113897.54000000207
2015-10-09,131194.6300000025
2015-10-10,150128.15000000483
2015-10-11,154122.46000000284
2015-10-12,131511.95000000286
2015-10-13,108708.26000000238
2015-10-14,104247.6000000016
2015-10-15,111927.77000000239
2015-10-16,118624.37000000202
2015-10-17,147469.37000000494
2015-10-18,155720.02000000235
2015-10-19,111772.57000000232
2015-10-20,101762.34000000222
2015-10-21,99718.23000000126
2015-10-22,100674.29000000247
2015-10-23,116916.09000000301
2015-10-24,139742.98000000248
2015-10-25,143330.7600000042
2015-10-26,110343.55000000258
2015-10-27,99622.04000000209
2015-10-28,96538.62000000113
2015-10-29,102925.95000000249
2015-10-30,125774.85000000284
2015-10-31,133253.2900000018
2015-11-01,150738.6400000059
2015-11-02,115678.38000000277
2015-11-03,119339.14000000306
2015-11-04,104239.60000000238
2015-11-05,107346.46000000279
2015-11-06,124782.82000000312
2015-11-07,151439.66000000254
2015-11-08,154569.80000000488
2015-11-09,116920.89000000255
2015-11-10,105871.08000000197
2015-11-11,105447.49000000233
2015-11-12,103404.56000000243
2015-11-13,114185.00000000265
2015-11-14,149900.20000000385
2015-11-15,161364.41000000542
2015-11-16,113539.18000000258
2015-11-17,92366.82000000076
2015-11-18,103616.66000000288
2015-11-19,102309.16000000211
2015-11-20,121089.73000000187
2015-11-21,136227.47000000367
2015-11-22,144033.510000004
2015-11-23,110127.44000000285
2015-11-24,106741.79000000164
2015-11-25,121303.7200000025
2015-11-26,71543.25000000164
2015-11-27,85738.26000000066
2015-11-28,109050.6600000021
2015-11-29,122440.71000000254
2015-11-30,102542.42000000214
2015-12-01,111523.75000000252
2015-12-02,105522.99000000251
2015-12-03,122201.35000000283
2015-12-04,125166.16000000184
2015-12-05,148973.0800000053
2015-12-06,157250.83000000456
2015-12-07,116098.2400000017
2015-12-08,105216.09000000225
2015-12-09,106520.63000000268
2015-12-10,101240.2300000025
2015-12-11,114457.25000000221
2015-12-12,147529.23000000493
2015-12-13,145246.26000000423
2015-12-14,122238.05000000147
2015-12-15,116026.02000000273
2015-12-16,110131.98000000235
2015-12-17,113197.5500000012
2015-12-18,110616.92000000172
2015-12-19,138352.1300000042
2015-12-20,138733.14000000444
2015-12-21,113956.60000000267
2015-12-22,115048.13000000289
2015-12-23,119835.96000000281
2015-12-24,113006.28000000176
2015-12-25,30.79
2015-12-26,125101.45000000222
2015-12-27,116913.85000000209
2015-12-28,97692.98000000148
2015-12-29,102559.10000000264
2015-12-30,108948.75000000207
2015-12-31,136571.65000000174
2016-01-01,103454.96000000248
2016-01-02,142609.5000000043
2016-01-03,143399.03000000207
2016-01-04,118198.43000000242
2016-01-05,113461.11000000233
2016-01-06,103402.9800000017
2016-01-07,112171.22000000175
2016-01-08,119996.93000000238
2016-01-09,162562.37000000477
2016-01-10,149350.69000000195
2016-01-11,117460.10000000206
2016-01-12,109818.8300000025
2016-01-13,101243.38000000126
2016-01-14,110974.04000000245
2016-01-15,131162.99000000308
2016-01-16,157803.80000000438
2016-01-17,144356.9900000041
2016-01-18,121003.27000000216
2016-01-19,98680.17000000263
2016-01-20,102337.36000000153
2016-01-21,98388.0000000021
2016-01-22,112614.29000000207
2016-01-23,152607.22000000242
2016-01-24,152032.8500000052
2016-01-25,108253.50000000242
2016-01-26,96360.29000000183
2016-01-27,99298.17000000202
2016-01-28,102566.62000000257
2016-01-29,116442.6500000028
2016-01-30,153773.5600000022
2016-01-31,161705.24000000628
2016-02-01,131707.0300000033
2016-02-02,112048.30000000131
2016-02-03,123004.91000000214
2016-02-04,111173.70000000262
2016-02-05,126758.9400000028
2016-02-06,174438.70000000525
2016-02-07,150703.17000000516
2016-02-08,118433.16000000246
2016-02-09,122800.1300000014
2016-02-10,125423.09000000231
2016-02-11,140892.44000000376
2016-02-12,138181.16000000242
2016-02-13,167937.07000000644
2016-02-14,151905.41000000478
2016-02-15,146662.9200000045
2016-02-16,117080.6500000022
2016-02-17,112600.65000000267
2016-02-18,113607.14000000204
2016-02-19,124365.2400000022
2016-02-20,158759.590000005
2016-02-21,166447.8500000066
2016-02-22,118115.75000000218
2016-02-23,106985.40000000231
2016-02-24,108387.95000000251
2016-02-25,108956.9700000023
2016-02-26,116262.19000000136
2016-02-27,148007.90000000503
2016-02-28,161579.93000000675
2016-02-29,118670.70000000198
2016-03-01,116020.87000000244
2016-03-02,119464.91000000217
2016-03-03,129896.91000000296
2016-03-04,121379.8400000024
2016-03-05,162597.9600000054
2016-03-06,181445.5700000064
2016-03-07,126757.36000000166
2016-03-08,116880.58000000178
2016-03-09,114969.90000000205
2016-03-10,118173.56000000155
2016-03-11,127159.88000000257
2016-03-12,163062.86000000557
2016-03-13,162565.9300000041
2016-03-14,130381.5800000023
2016-03-15,124815.63000000182
2016-03-16,114964.74000000209
2016-03-17,109851.66000000195
2016-03-18,122320.39000000217
2016-03-19,142459.71000000322
2016-03-20,152488.22000000166
2016-03-21,118518.79000000222
2016-03-22,110381.88000000206
2016-03-23,108345.36000000213
2016-03-24,105668.1300000013
2016-03-25,139221.54000000274
2016-03-26,163722.9300000058
2016-03-27,143204.67000000217
2016-03-28,114421.18000000194
2016-03-29,105477.88000000226
2016-03-30,101315.74000000158
2016-03-31,108401.68000000155
2016-04-01,144493.92000000417
2016-04-02,165758.99000000555
2016-04-03,180822.4400000037
2016-04-04,128828.3900000019
2016-04-05,125564.13000000281
2016-04-06,122806.73000000195
2016-04-07,119614.440000002
2016-04-08,133729.59000000297
2016-04-09,177632.33000000508
2016-04-10,174323.0700000068
2016-04-11,134692.45000000222
2016-04-12,121813.98000000234
2016-04-13,112529.30000000098
2016-04-14,119076.99000000229
2016-04-15,130569.47000000258
2016-04-16,152620.2700000024
2016-04-17,165457.99000000642
2016-04-18,120545.34000000206
2016-04-19,119286.71000000263
2016-04-20,112828.73000000193
2016-04-21,110410.27000000208
2016-04-22,127040.30000000252
2016-04-23,155193.6700000025
2016-04-24,162924.07000000594
2016-04-25,123361.97000000217
2016-04-26,112650.0800000011
2016-04-27,107784.43000000251
2016-04-28,110512.82000000219
2016-04-29,135573.83000000354
2016-04-30,159376.69000000416
2016-05-01,171326.35000000702
2016-05-02,137767.6500000025
2016-05-03,138887.04000000202
2016-05-04,122885.8600000025
2016-05-05,128223.79000000216
2016-05-06,137305.00000000215
2016-05-07,170625.52000000584
2016-05-08,145819.62000000384
2016-05-09,146510.8100000034
2016-05-10,126412.27000000191
2016-05-11,134201.3100000031
2016-05-12,127512.05000000237
2016-05-13,137804.17000000202
2016-05-14,171719.78000000483
2016-05-15,191941.73000000857
2016-05-16,134870.66000000207
2016-05-17,122419.42000000198
2016-05-18,116333.11000000179
2016-05-19,117456.320000002
2016-05-20,134000.67000000153
2016-05-21,162395.65000000593
2016-05-22,175297.42000000697
