item_id,total_revenue
FOODS_3_586,1482295.4800000002
FOODS_3_120,1444850.1
FOODS_3_090,1377664.0399999993
FOODS_3_202,1272487.14
FOODS_3_587,991308.0200000003
FOODS_3_252,871806.2400000005
FOODS_3_555,789009.4800000016
FOODS_3_444,719129.2399999999
HOBBIES_1_354,711937.1399999998
FOODS_1_096,670077.0600000004
FOODS_3_694,634224.4600000007
FOODS_3_714,611991.58
HOBBIES_1_158,597569.3599999994
FOODS_3_226,592860.0200000015
HOUSEHOLD_1_535,571641.280000001
HOUSEHOLD_1_072,562605.9399999967
FOODS_2_244,559122.6900000005
HOUSEHOLD_1_110,548015.8600000007
HOUSEHOLD_1_272,540098.01
FOODS_3_099,539910.0400000002
HOUSEHOLD_1_053,529816.2399999999
FOODS_3_574,520268.79999999667
FOODS_2_197,519234.05999999924
FOODS_2_276,501579.48999999964
FOODS_1_012,499828.7499999994
FOODS_3_607,488786.47999999946
FOODS_3_511,487475.0099999996
FOODS_3_516,483374.51999999996
FOODS_3_282,478703.89999999997
FOODS_2_183,476020.01999999874
FOODS_3_764,462683.87999999896
FOODS_3_329,447328.0599999999
FOODS_3_377,439906.72000000015
FOODS_3_083,439470.0799999966
FOODS_3_476,435169.61999999604
FOODS_3_136,434642.74000000104
FOODS_3_546,434508.36999999627
FOODS_3_080,421057.38000000024
FOODS_3_469,417821.4599999982
HOBBIES_1_147,411057.02999999945
FOODS_2_368,400536.93000000046
FOODS_3_441,393338.3199999997
FOODS_3_723,393047.27999999997
FOODS_3_785,390357.52999999974
HOUSEHOLD_1_494,388784.5699999992
FOODS_3_804,385279.6799999998
FOODS_3_473,384522.9199999996
FOODS_3_702,380194.6799999983
FOODS_2_056,377936.8799999973
FOODS_1_170,373863.01999999996
FOODS_2_029,371060.45999999886
FOODS_3_362,370135.5199999999
FOODS_3_124,368104.2099999977
HOUSEHOLD_1_469,365432.25999999896
FOODS_3_231,353117.4399999977
HOUSEHOLD_1_440,350007.3499999995
FOODS_2_052,342877.3699999993
FOODS_3_811,342196.71999999974
FOODS_3_318,342141.4099999998
HOUSEHOLD_1_537,341409.46999999945
FOODS_3_134,336662.8199999991
FOODS_3_783,335642.28999999794
HOUSEHOLD_1_413,327937.0299999993
HOUSEHOLD_1_140,320728.8799999995
FOODS_3_458,320465.79999999976
FOODS_3_368,318297.1399999964
HOUSEHOLD_1_427,317259.75999999774
FOODS_2_019,317074.6699999993
HOUSEHOLD_1_409,316779.4399999996
FOODS_3_499,315476.94000000006
HOUSEHOLD_1_344,314295.18000000034
FOODS_3_704,311637.6299999999
FOODS_3_150,309666.3799999999
HOUSEHOLD_1_373,309394.77999999997
FOODS_3_753,307433.3799999981
FOODS_3_154,306120.49999999674
FOODS_3_697,303306.9399999994
FOODS_3_695,302884.73999999824
FOODS_2_380,301588.84999999957
HOUSEHOLD_1_040,300201.88000000047
FOODS_3_079,299911.3999999972
HOUSEHOLD_1_177,298859.79999999906
HOUSEHOLD_1_027,298635.21000000014
FOODS_3_756,298331.7200000002
HOBBIES_1_236,297233.399999999
FOODS_3_455,296861.4899999989
HOUSEHOLD_1_032,291998.8999999992
HOUSEHOLD_1_514,289032.21000000054
HOUSEHOLD_1_106,288443.46999999945
FOODS_3_635,278726.6099999999
FOODS_3_808,278330.89
FOODS_3_389,275601.3999999999
HOUSEHOLD_1_366,274152.67999999784
HOUSEHOLD_1_096,272820.8800000003
FOODS_3_681,271066.57
FOODS_3_541,269287.2099999999
FOODS_2_181,268904.95
FOODS_3_491,267673.6799999998
FOODS_2_194,262715.05999999837
HOUSEHOLD_1_497,261343.74999999948
HOBBIES_1_064,258780.97000000015
FOODS_1_129,253338.13000000012
FOODS_3_652,252643.67999999848
FOODS_3_744,251826.6599999998
HOBBIES_1_108,250455.82999999714
HOUSEHOLD_1_310,250247.88999999923
FOODS_2_349,248258.99999999872
FOODS_3_592,248004.21999999776
HOUSEHOLD_1_165,245058.86999999915
HOUSEHOLD_1_541,244305.68999999913
FOODS_3_288,241863.04
FOODS_1_004,241427.21999999922
FOODS_1_043,241400.499999999
FOODS_3_327,238905.17000000027
FOODS_1_218,232030.05999999918
FOODS_1_087,232017.21000000025
HOUSEHOLD_1_357,231735.1199999993
FOODS_3_376,231286.0
HOBBIES_1_155,229430.2399999989
FOODS_3_503,227934.4799999982
FOODS_1_187,227858.83999999854
HOBBIES_1_099,227480.2599999984
HOBBIES_1_078,226883.99000000118
FOODS_3_263,226354.2500000002
FOODS_3_228,225759.1999999998
HOUSEHOLD_1_191,224949.9199999993
HOUSEHOLD_1_222,224920.08999999968
FOODS_3_304,224387.49999999724
FOODS_1_055,224381.12999999904
FOODS_3_030,224012.93999999986
FOODS_3_668,221899.06000000035
HOUSEHOLD_1_347,221888.409999999
FOODS_3_772,220050.11999999874
FOODS_3_039,219670.33999999883
FOODS_3_672,219593.66999999853
FOODS_3_245,219284.59999999896
FOODS_2_274,219211.78999999876
HOBBIES_1_141,219194.78999999844
FOODS_3_739,218360.35000000003
FOODS_3_822,218283.45999999868
HOUSEHOLD_1_488,216588.04999999813
HOUSEHOLD_1_051,216544.43999999942
FOODS_3_300,215474.19999999827
FOODS_2_342,214830.4099999982
FOODS_2_198,213622.42999999982
FOODS_3_324,212684.19999999955
FOODS_2_293,212558.22999999952
FOODS_2_291,212399.31999999832
FOODS_3_682,212321.68
FOODS_2_347,212135.91000000003
HOBBIES_1_345,211170.17000000013
FOODS_2_149,210832.57999999874
FOODS_3_572,209915.60000000018
HOUSEHOLD_1_506,209196.50999999914
FOODS_3_634,208869.66999999827
FOODS_2_360,207387.04000000007
HOBBIES_1_040,206277.72999999978
FOODS_3_319,205651.52999999994
FOODS_3_562,203642.49999999825
FOODS_3_281,202815.92999999996
HOBBIES_1_330,202581.2
FOODS_2_266,200965.97999999986
FOODS_3_227,199667.7600000009
HOBBIES_1_134,198945.3000000008
HOBBIES_1_364,198381.94000000102
HOUSEHOLD_1_370,196505.03000000038
FOODS_3_363,195960.3099999989
FOODS_2_082,195740.6199999981
FOODS_2_173,195299.51999999874
FOODS_3_462,194512.0
HOUSEHOLD_1_416,194355.99999999907
FOODS_3_534,192091.1099999989
FOODS_3_800,189193.26000000007
HOUSEHOLD_1_086,188589.09999999977
FOODS_2_285,188434.19999999844
HOUSEHOLD_1_490,188346.89999999886
FOODS_2_152,187124.40000000127
HOUSEHOLD_2_176,185665.8799999995
HOBBIES_1_275,185522.24000000005
FOODS_3_313,185177.48000000007
FOODS_2_233,185003.27999999907
HOBBIES_1_235,184531.01999999819
HOUSEHOLD_1_005,184441.2199999993
HOUSEHOLD_1_014,184380.16999999934
HOBBIES_1_037,183772.13999999998
HOUSEHOLD_1_235,183319.3099999992
FOODS_2_131,182127.4499999991
FOODS_3_540,181451.6599999996
FOODS_3_628,180933.09999999814
HOUSEHOLD_1_259,180664.92999999842
FOODS_1_023,180245.0500000002
FOODS_3_233,179890.44000000006
HOBBIES_1_004,179046.5600000002
FOODS_2_164,177990.47999999992
FOODS_1_180,176690.80000000022
FOODS_3_399,175758.56000000003
FOODS_3_230,175483.7199999996
HOBBIES_1_055,174918.16999999847
HOBBIES_1_323,174777.41999999844
HOBBIES_1_087,174566.99999999997
FOODS_3_242,174258.80000000016
FOODS_3_407,173589.59999999776
FOODS_3_782,173267.20000000054
FOODS_3_526,173160.63999999833
FOODS_2_059,171855.09999999852
FOODS_3_305,170636.4200000003
HOBBIES_1_153,170445.07999999975
HOUSEHOLD_1_100,170206.84999999907
HOUSEHOLD_1_334,169936.0199999996
FOODS_2_282,169235.18999999895
HOUSEHOLD_1_459,169055.71999999956
HOUSEHOLD_1_410,168775.49999999983
FOODS_1_217,168609.50000000081
HOUSEHOLD_1_486,167932.3700000001
FOODS_3_156,167847.7899999999
HOUSEHOLD_1_184,167525.82999999967
HOUSEHOLD_1_434,167483.79999999926
FOODS_3_295,167170.85
FOODS_3_203,166779.61999999796
FOODS_3_688,166459.18000000005
FOODS_3_393,166231.64000000004
HOBBIES_1_297,165883.25999999966
FOODS_3_501,165403.01000000004
HOUSEHOLD_1_438,164642.389999998
HOBBIES_1_226,164355.35999999888
HOUSEHOLD_1_205,163733.8499999998
FOODS_2_222,163405.49999999988
FOODS_3_757,162908.51999999981
FOODS_2_371,162650.1500000002
HOUSEHOLD_1_457,161744.70999999967
FOODS_3_734,161643.96000000008
FOODS_2_013,160684.53000000012
FOODS_3_474,160615.0700000001
HOUSEHOLD_1_304,160574.3399999996
HOBBIES_1_089,160539.2299999999
FOODS_3_370,160352.39999999976
HOBBIES_1_098,160293.93999999913
HOUSEHOLD_1_412,160134.55999999994
HOUSEHOLD_2_336,159818.70000000004
FOODS_2_318,159722.91999999978
HOUSEHOLD_1_342,159715.8399999999
HOUSEHOLD_1_343,159307.54999999996
FOODS_3_727,159279.9299999987
HOUSEHOLD_1_055,159268.53999999858
HOUSEHOLD_1_449,158768.10999999975
FOODS_2_251,158419.28999999986
HOUSEHOLD_1_090,158079.49999999956
HOUSEHOLD_1_292,157239.69999999847
HOUSEHOLD_1_066,157078.48000000024
HOBBIES_1_225,156903.94999999914
FOODS_3_127,156597.09999999966
FOODS_2_103,156223.6899999989
FOODS_3_298,156123.4699999993
HOBBIES_1_324,155331.29999999996
HOUSEHOLD_1_171,155288.06999999948
FOODS_2_315,154750.25999999992
HOBBIES_1_029,154524.8999999986
FOODS_3_741,154112.38000000003
HOUSEHOLD_1_127,154002.01999999897
FOODS_3_257,153975.57999999908
HOBBIES_1_258,153760.7300000002
FOODS_3_449,152838.17999999842
FOODS_3_107,152233.92999999863
FOODS_3_042,151769.82000000012
FOODS_2_018,151621.82999999903
FOODS_2_054,151217.9599999998
HOBBIES_1_338,151131.5499999987
HOBBIES_1_337,150759.9300000016
FOODS_3_139,150379.65999999866
HOUSEHOLD_1_387,148591.0099999995
HOUSEHOLD_1_521,147771.88999999972
FOODS_1_085,147740.7999999994
FOODS_3_678,147402.5399999988
HOBBIES_1_241,147077.39999999988
FOODS_1_194,147073.489999999
FOODS_3_493,146449.72999999858
HOUSEHOLD_1_102,146043.78000000003
HOUSEHOLD_2_348,145795.33000000071
HOUSEHOLD_1_294,145242.34
FOODS_3_224,144576.33999999892
HOUSEHOLD_1_303,144213.83999999976
FOODS_3_664,143999.6100000001
FOODS_1_088,143339.96999999948
FOODS_1_110,142383.34000000008
FOODS_2_184,141123.53999999972
FOODS_3_307,140636.8599999995
HOUSEHOLD_1_016,140500.69000000024
FOODS_2_022,140478.38999999917
FOODS_3_109,140474.28
FOODS_1_150,138715.5999999996
FOODS_2_104,138373.07999999914
HOBBIES_1_361,138166.26999999947
FOODS_2_036,137484.54999999946
HOUSEHOLD_1_197,135958.0299999999
FOODS_3_533,135537.45999999842
FOODS_3_330,135472.18999999893
FOODS_3_117,134978.09000000003
HOUSEHOLD_1_290,134912.77000000075
HOBBIES_1_228,134864.9699999993
FOODS_3_578,134359.8500000001
FOODS_3_346,133800.4799999985
FOODS_3_570,133611.18000000002
FOODS_3_636,133285.74000000005
FOODS_3_535,133096.4599999986
FOODS_3_463,132996.57999999967
FOODS_1_018,132856.3399999995
FOODS_2_241,132124.10000000027
FOODS_3_730,131623.49999999843
HOBBIES_1_374,131571.95999999924
HOUSEHOLD_1_268,131544.74999999933
FOODS_1_173,131452.10999999993
FOODS_3_435,131200.9699999997
FOODS_2_326,130920.84000000004
FOODS_3_086,130321.26999999999
FOODS_3_477,130076.47999999947
HOUSEHOLD_1_029,129851.65999999968
FOODS_1_178,129645.30999999886
FOODS_3_432,129623.14999999906
FOODS_2_322,129521.08999999976
FOODS_3_265,128870.09999999829
FOODS_3_746,128648.08999999925
HOUSEHOLD_1_162,128225.54000000015
HOUSEHOLD_1_498,128127.40000000023
FOODS_2_060,127895.73999999871
HOBBIES_1_367,127682.62000000109
HOUSEHOLD_1_477,127589.11999999957
HOUSEHOLD_1_324,127345.75999999976
FOODS_2_352,127124.26999999967
HOBBIES_1_201,126937.74999999846
FOODS_2_364,126915.51999999925
FOODS_3_067,126668.2199999984
HOUSEHOLD_1_083,126423.01999999954
HOUSEHOLD_2_437,126134.72000000015
HOBBIES_1_179,126096.81999999918
FOODS_3_651,125684.40000000002
FOODS_1_104,125621.33999999985
HOBBIES_1_166,125334.8599999993
FOODS_3_115,125190.92999999959
FOODS_2_078,125002.1400000001
HOUSEHOLD_1_327,124953.12999999973
FOODS_3_121,124907.7199999992
FOODS_1_046,124864.1199999991
FOODS_3_349,124754.4599999998
FOODS_1_032,124738.33999999956
FOODS_1_162,124441.76000000023
FOODS_3_676,124394.17999999889
FOODS_3_505,124018.93999999935
HOUSEHOLD_2_037,123948.95000000068
FOODS_3_054,123773.86000000002
HOUSEHOLD_1_473,123139.97999999991
HOUSEHOLD_1_169,122834.43999999957
HOUSEHOLD_1_019,122664.45999999993
FOODS_2_063,122637.24000000082
FOODS_3_787,122400.03999999906
FOODS_3_126,122322.89999999995
FOODS_2_141,121933.44999999927
HOUSEHOLD_1_018,120987.5399999999
HOUSEHOLD_1_408,120674.31999999906
HOBBIES_1_085,119704.15999999996
HOUSEHOLD_1_234,119585.47999999986
HOUSEHOLD_1_186,119360.9999999997
FOODS_2_128,119329.46000000006
FOODS_1_152,118390.4899999993
HOUSEHOLD_1_042,118322.54999999987
HOUSEHOLD_1_519,118265.93000000043
HOUSEHOLD_1_513,118068.10999999987
HOUSEHOLD_2_421,118052.60000000021
FOODS_3_807,118011.1199999991
HOUSEHOLD_1_118,117696.8899999999
HOBBIES_1_349,117412.97999999927
HOUSEHOLD_1_441,117158.90000000014
HOUSEHOLD_1_465,116795.59000000011
FOODS_2_212,116762.86000000036
HOUSEHOLD_1_511,116673.71000000014
HOUSEHOLD_1_418,116612.65000000008
FOODS_3_406,116557.00000000012
FOODS_2_115,116447.83999999952
FOODS_3_184,116183.52999999952
HOUSEHOLD_1_429,115779.40000000007
HOUSEHOLD_1_516,115558.04999999925
HOUSEHOLD_1_109,115554.69999999955
FOODS_3_418,115389.59999999907
FOODS_2_316,115195.08999999959
HOUSEHOLD_1_160,114994.13999999987
HOUSEHOLD_1_045,114715.86999999982
FOODS_2_101,114570.96999999929
HOUSEHOLD_1_510,114525.95999999957
FOODS_3_481,114446.75000000084
FOODS_3_132,114314.47000000016
HOUSEHOLD_1_339,114264.95
FOODS_3_201,114164.34000000005
HOUSEHOLD_1_321,114011.77999999971
FOODS_3_219,113813.87999999983
FOODS_3_195,113008.63999999996
HOUSEHOLD_2_140,112183.20999999992
FOODS_2_240,112000.74999999972
FOODS_3_788,111818.75000000054
HOUSEHOLD_1_437,111672.00000000065
HOUSEHOLD_2_465,111610.01999999893
FOODS_1_038,111534.71999999933
FOODS_3_674,111396.31999999878
HOUSEHOLD_1_038,111272.93999999987
HOUSEHOLD_1_319,111121.22999999938
HOUSEHOLD_1_447,110765.4000000001
HOBBIES_1_300,110689.93999999927
FOODS_3_513,110544.43999999901
HOUSEHOLD_1_328,110257.32
FOODS_2_302,110117.44999999958
FOODS_3_077,110030.52000000012
FOODS_3_292,110009.08000000002
FOODS_3_446,109706.87999999973
FOODS_3_146,109329.34999999973
HOUSEHOLD_1_087,108864.25000000004
FOODS_3_818,108716.35999999953
HOUSEHOLD_1_198,108637.24999999987
HOUSEHOLD_1_351,108332.90000000018
FOODS_3_217,108227.01999999896
FOODS_2_398,108180.16999999997
HOUSEHOLD_1_179,108143.4099999998
HOBBIES_1_423,108140.06000000013
HOUSEHOLD_1_075,108014.01999999878
FOODS_1_177,107681.45999999919
FOODS_3_404,107609.62000000001
FOODS_2_030,106920.00999999954
FOODS_3_092,106908.81999999956
FOODS_3_369,106863.93999999897
HOBBIES_1_373,106749.4399999999
HOUSEHOLD_1_249,106463.25999999992
HOUSEHOLD_1_062,106059.0599999996
FOODS_3_069,106058.06999999958
HOUSEHOLD_1_277,105987.47
FOODS_3_276,105983.52999999911
HOUSEHOLD_1_146,105953.08999999872
FOODS_3_308,105714.67999999928
FOODS_2_334,105664.25999999962
HOUSEHOLD_1_056,105543.27999999996
FOODS_3_577,105317.13999999956
FOODS_1_067,105308.8499999999
HOUSEHOLD_1_048,105091.1600000008
FOODS_3_388,104700.79999999896
FOODS_3_485,104625.11999999941
HOUSEHOLD_1_236,104553.32999999986
HOUSEHOLD_1_129,104536.57999999906
HOBBIES_1_384,104518.55999999943
HOUSEHOLD_1_142,104502.32000000008
FOODS_3_238,104265.5800000001
HOUSEHOLD_1_318,104073.37
HOUSEHOLD_1_411,103871.77000000024
HOBBIES_1_086,103645.92000000097
FOODS_3_679,103630.69000000082
HOUSEHOLD_1_006,103608.90999999984
HOUSEHOLD_1_223,103486.24999999997
FOODS_3_169,103447.1999999993
HOBBIES_1_060,103423.28999999988
HOUSEHOLD_2_483,103349.34000000003
HOUSEHOLD_1_138,103333.09999999926
FOODS_3_725,103112.76000000093
HOUSEHOLD_1_358,102626.46999999988
HOBBIES_1_357,102625.41999999947
HOUSEHOLD_2_438,102308.03999999935
HOUSEHOLD_1_248,102151.95999999999
FOODS_3_271,102045.78999999924
FOODS_1_183,101853.34999999916
HOUSEHOLD_1_338,101591.16000000002
HOUSEHOLD_1_539,101541.23999999995
HOUSEHOLD_1_124,101398.61999999931
FOODS_3_151,101115.93000000012
FOODS_3_232,101103.8900000002
FOODS_1_106,101053.33999999985
HOUSEHOLD_1_256,100975.5299999998
FOODS_3_789,100887.82999999999
FOODS_3_023,100786.87999999907
HOUSEHOLD_1_103,100639.06999999966
HOUSEHOLD_1_224,100615.57999999996
HOUSEHOLD_1_456,100467.45999999986
FOODS_1_024,100368.71999999911
HOBBIES_1_394,100316.02000000044
FOODS_3_657,100293.45999999931
FOODS_3_738,100228.57999999981
FOODS_1_058,100183.94000000048
HOUSEHOLD_2_294,100104.53000000032
HOUSEHOLD_2_509,100032.79999999999
FOODS_1_137,99807.44999999992
FOODS_2_175,99617.93999999994
HOBBIES_1_164,99609.88999999993
HOBBIES_1_280,99318.9599999995
HOBBIES_1_144,99286.23999999954
HOUSEHOLD_1_003,99082.61999999998
FOODS_3_632,98955.12999999941
FOODS_3_755,98836.07999999981
FOODS_3_400,98762.6199999991
HOBBIES_1_074,98685.13000000085
FOODS_3_194,98650.0699999994
FOODS_3_087,98564.56000000003
FOODS_3_398,98242.49999999942
FOODS_2_021,98173.00000000004
FOODS_3_468,97938.21999999972
HOUSEHOLD_1_287,97891.54000000108
FOODS_3_258,97531.22000000004
FOODS_2_325,97455.93000000007
FOODS_3_037,96870.48000000007
FOODS_2_070,96748.64999999967
FOODS_2_083,96170.27999999994
FOODS_3_241,96100.09999999977
FOODS_3_460,96056.2899999996
HOBBIES_1_372,95949.28000000009
FOODS_3_571,95673.21999999974
HOUSEHOLD_1_068,95571.51999999986
HOBBIES_1_215,95563.23999999955
FOODS_3_767,95538.64999999995
FOODS_2_295,95404.34999999989
HOUSEHOLD_1_079,95389.67000000084
HOUSEHOLD_1_376,95379.93999999977
FOODS_3_615,95273.90999999989
FOODS_2_166,95243.45999999967
HOUSEHOLD_2_366,94917.83000000071
HOUSEHOLD_1_389,94516.09999999983
HOBBIES_1_237,94311.95999999931
HOUSEHOLD_1_331,94278.05000000088
FOODS_2_208,93967.40999999952
HOBBIES_1_415,93940.2000000001
FOODS_2_171,93917.76999999986
FOODS_3_661,93781.76000000005
FOODS_3_098,93771.96999999986
FOODS_3_596,93658.87999999935
HOUSEHOLD_1_241,93491.59999999979
HOUSEHOLD_1_439,93475.84999999982
HOUSEHOLD_2_324,93409.85000000059
HOUSEHOLD_2_453,93179.25999999992
FOODS_1_144,93083.37999999945
HOBBIES_1_260,93051.05000000005
FOODS_3_551,92972.15999999983
HOUSEHOLD_1_431,92924.19999999984
FOODS_3_113,92846.00000000036
FOODS_2_388,92703.02999999953
FOODS_3_524,92611.66000000005
HOUSEHOLD_1_478,92252.510000001
HOUSEHOLD_1_293,91935.69999999995
HOUSEHOLD_2_135,91874.87999999955
HOBBIES_1_050,91727.60999999967
HOUSEHOLD_1_285,91523.12000000027
FOODS_3_066,91119.1399999999
HOUSEHOLD_1_151,91107.48999999986
FOODS_3_250,90733.57999999993
FOODS_3_372,90688.72000000003
HOBBIES_1_416,90643.50999999976
FOODS_3_093,90608.62000000008
FOODS_3_002,90300.63
HOUSEHOLD_1_531,90294.93000000011
FOODS_2_304,90283.35999999972
FOODS_3_561,90185.26999999989
FOODS_3_793,89915.04999999948
HOUSEHOLD_1_011,89829.210000001
FOODS_3_348,89820.47000000007
FOODS_3_459,89774.10000000086
HOUSEHOLD_1_270,89612.12000000029
HOUSEHOLD_1_505,89528.51999999981
FOODS_3_283,89386.35000000027
FOODS_1_219,89075.87999999929
FOODS_3_420,88892.96999999948
FOODS_3_617,88877.76000000039
FOODS_2_333,88733.9099999999
FOODS_3_378,88618.81999999999
FOODS_3_760,88600.02000000016
FOODS_3_174,88442.50000000004
HOUSEHOLD_1_050,88411.02999999997
HOUSEHOLD_1_275,88390.16999999968
HOUSEHOLD_1_462,88328.99999999977
FOODS_3_403,88070.0
FOODS_3_795,88025.77999999996
HOBBIES_1_160,87874.64000000025
HOUSEHOLD_1_377,87832.82000000027
HOUSEHOLD_1_243,87802.89999999973
HOUSEHOLD_1_359,87412.17999999982
FOODS_1_061,87379.789999999
HOUSEHOLD_1_381,87234.86999999975
HOUSEHOLD_1_364,87114.31999999963
HOBBIES_1_079,86840.50000000073
HOUSEHOLD_2_450,86762.37999999995
FOODS_1_161,86660.58000000007
HOUSEHOLD_1_188,86645.49999999943
HOUSEHOLD_1_369,86561.31000000001
FOODS_3_311,86492.97999999944
HOUSEHOLD_1_130,86306.70000000042
FOODS_3_585,86159.42999999961
HOBBIES_1_100,86007.6199999998
FOODS_3_654,85896.59999999992
HOBBIES_1_247,85716.64000000032
HOUSEHOLD_1_113,85615.99999999962
FOODS_3_769,85452.48000000016
HOBBIES_1_320,85399.51999999977
FOODS_1_076,85331.1200000002
FOODS_3_064,84997.22999999982
FOODS_2_142,84992.67999999975
HOUSEHOLD_1_219,84890.11999999962
HOUSEHOLD_1_194,84849.23999999973
HOUSEHOLD_1_404,84653.32999999993
HOUSEHOLD_1_460,84620.69000000089
FOODS_3_655,84597.93999999951
FOODS_3_142,84390.76999999976
FOODS_3_413,84387.32
HOBBIES_1_327,84311.98000000067
HOBBIES_1_173,84151.85999999988
HOBBIES_1_105,83942.05999999998
HOUSEHOLD_1_214,83733.85999999964
HOBBIES_1_342,83616.04000000024
FOODS_3_434,83475.1500000009
HOUSEHOLD_1_030,83223.27999999988
HOUSEHOLD_1_080,83107.99999999991
FOODS_3_351,82998.94999999985
FOODS_3_367,82967.7099999998
HOUSEHOLD_1_386,82662.56000000023
HOUSEHOLD_1_436,82554.41999999994
FOODS_2_311,82351.28000000061
FOODS_1_216,82321.2699999998
FOODS_1_081,82254.94000000013
HOUSEHOLD_2_076,82196.20999999988
FOODS_2_317,82097.32999999987
FOODS_1_080,81705.83999999959
FOODS_2_381,81621.65999999999
FOODS_2_256,81606.26999999992
FOODS_2_016,81572.26000000002
FOODS_3_514,81455.8999999999
HOBBIES_1_021,81406.82000000044
FOODS_1_184,81267.02
FOODS_1_086,81234.4199999997
HOBBIES_1_321,81039.95999999992
FOODS_2_150,80953.90000000062
FOODS_3_342,80922.54000000014
HOUSEHOLD_1_288,80776.8200000001
FOODS_2_297,80775.20999999979
FOODS_3_569,80730.13999999971
FOODS_3_332,80490.95999999967
HOBBIES_1_213,80389.0200000006
HOUSEHOLD_1_228,80324.47999999982
HOUSEHOLD_1_088,80308.30999999972
HOUSEHOLD_1_196,80232.28999999966
HOUSEHOLD_1_112,79812.80999999968
FOODS_2_236,79781.4799999996
HOUSEHOLD_1_212,79745.91000000016
HOUSEHOLD_1_479,79721.88000000009
FOODS_2_139,79577.2699999998
FOODS_3_792,79558.0
HOUSEHOLD_1_425,79391.9799999997
FOODS_3_140,79331.2900000001
FOODS_3_750,79151.94999999995
FOODS_3_259,79103.34
FOODS_2_080,79054.21999999983
HOBBIES_1_231,78950.03999999935
FOODS_3_590,78910.87999999996
HOUSEHOLD_2_222,78883.63999999981
HOUSEHOLD_1_289,78643.13999999978
FOODS_3_035,78592.63000000003
FOODS_2_038,78555.8499999995
FOODS_3_041,78449.01999999999
HOBBIES_1_410,78401.15000000007
HOBBIES_1_420,78400.74999999923
FOODS_3_530,78375.09999999989
HOUSEHOLD_1_071,78330.22000000002
FOODS_2_289,78300.75999999998
FOODS_1_005,78236.4799999998
HOUSEHOLD_1_122,78174.54000000106
FOODS_2_106,78148.07999999974
HOBBIES_1_317,78089.61999999972
FOODS_2_112,77987.27000000022
HOUSEHOLD_1_203,77937.64999999969
FOODS_2_170,77739.03000000001
HOUSEHOLD_1_094,77733.11999999991
FOODS_2_384,77655.72000000028
FOODS_2_370,77644.72999999985
HOUSEHOLD_2_409,77523.93999999997
HOBBIES_1_157,77398.56000000004
FOODS_3_653,77378.83000000015
FOODS_3_100,77359.25999999983
HOUSEHOLD_1_119,77346.59999999969
FOODS_1_044,76974.53999999964
HOUSEHOLD_1_345,76905.5700000003
FOODS_3_496,76811.21999999986
HOUSEHOLD_1_123,76752.29999999987
HOUSEHOLD_2_201,76666.51999999967
HOUSEHOLD_2_160,76579.42999999993
HOUSEHOLD_1_107,76539.11999999994
FOODS_3_812,76537.41000000044
FOODS_3_819,76150.27999999968
HOUSEHOLD_2_369,76122.50999999978
FOODS_3_598,76058.64000000014
HOUSEHOLD_1_067,76022.66999999968
FOODS_1_103,75882.45000000054
HOUSEHOLD_1_058,75679.91999999987
HOUSEHOLD_1_356,75655.8000000002
HOUSEHOLD_1_474,75565.90999999989
FOODS_3_665,75504.16999999975
FOODS_3_178,75405.56999999995
HOUSEHOLD_1_128,75381.68000000007
HOBBIES_1_148,75327.68000000065
FOODS_2_299,75163.62000000004
FOODS_2_247,75032.85999999988
HOUSEHOLD_2_510,75018.57999999991
HOUSEHOLD_1_082,75011.39999999989
HOUSEHOLD_1_443,74988.9999999998
FOODS_3_287,74946.35999999993
FOODS_2_088,74793.33999999984
FOODS_3_424,74419.34000000075
HOUSEHOLD_1_255,74342.19999999981
FOODS_3_133,74257.20000000007
FOODS_2_061,74211.46000000008
HOUSEHOLD_1_428,74080.58999999982
FOODS_3_059,74054.20000000013
FOODS_3_144,73972.26000000029
FOODS_1_166,73710.16999999933
HOBBIES_1_081,73599.99999999987
HOBBIES_1_195,73521.18000000004
HOUSEHOLD_1_039,73014.18999999984
FOODS_2_066,72973.59999999983
FOODS_3_091,72957.55999999985
HOUSEHOLD_2_195,72949.76999999986
HOBBIES_1_308,72859.95999999986
FOODS_3_448,72810.52000000008
FOODS_3_208,72759.28000000044
FOODS_3_732,72714.56000000004
HOBBIES_1_023,72652.61000000015
FOODS_3_028,72248.18000000068
FOODS_2_026,72244.72000000003
HOUSEHOLD_1_467,72007.19999999982
HOUSEHOLD_1_017,71988.19000000006
HOUSEHOLD_1_329,71975.58000000006
FOODS_3_656,71850.89999999959
FOODS_3_797,71720.38
HOUSEHOLD_1_013,71688.81999999998
HOUSEHOLD_1_004,71306.30999999982
FOODS_3_814,71246.33000000085
HOUSEHOLD_1_114,71201.08999999988
FOODS_2_119,71149.79000000018
FOODS_3_097,71101.7499999998
FOODS_2_074,71031.1
FOODS_3_488,70982.36999999992
FOODS_3_520,70947.13999999996
HOBBIES_1_393,70911.77000000003
FOODS_3_392,70782.42000000011
HOUSEHOLD_1_117,70781.86999999976
HOUSEHOLD_1_445,70755.1499999997
FOODS_3_611,70626.55999999953
HOUSEHOLD_1_336,70595.51999999944
HOUSEHOLD_1_073,70570.5800000003
HOUSEHOLD_1_399,70566.02000000005
FOODS_3_774,70534.68
FOODS_3_236,70520.05000000002
HOUSEHOLD_2_003,70099.28999999992
FOODS_1_083,69882.10000000003
HOBBIES_1_137,69781.02999999991
HOBBIES_1_198,69740.94000000028
HOUSEHOLD_2_341,69740.29000000014
FOODS_2_309,69637.69999999985
HOUSEHOLD_1_538,69544.31999999998
HOBBIES_1_143,69471.67999999998
FOODS_3_532,69464.62000000011
FOODS_3_175,69431.95999999992
FOODS_3_347,69084.01000000015
HOBBIES_1_068,69050.30000000016
FOODS_2_201,69021.03000000004
FOODS_2_093,68968.53999999998
HOUSEHOLD_1_157,68797.24999999983
HOUSEHOLD_1_481,68725.17000000004
HOUSEHOLD_1_393,68721.86000000012
FOODS_3_429,68698.23999999999
HOUSEHOLD_1_126,68661.68000000021
FOODS_3_192,68658.35000000005
FOODS_3_356,68629.52000000014
HOBBIES_1_343,68532.77000000016
FOODS_3_103,68418.20000000032
HOUSEHOLD_1_518,68411.35999999993
FOODS_1_027,68353.40000000031
HOUSEHOLD_2_172,68314.84999999992
FOODS_2_217,68120.9400000001
FOODS_3_809,68095.0
FOODS_1_031,67896.01999999976
FOODS_3_385,67875.82000000002
HOUSEHOLD_1_350,67855.3599999994
FOODS_1_082,67838.00000000023
HOBBIES_1_031,67827.0399999999
HOUSEHOLD_1_415,67721.36999999976
FOODS_3_135,67645.55000000009
FOODS_1_026,67356.93999999993
FOODS_2_255,67327.37999999993
HOUSEHOLD_1_207,67272.68999999977
HOUSEHOLD_2_408,67248.82999999994
HOUSEHOLD_2_238,67219.87000000013
HOUSEHOLD_2_355,67161.97000000023
HOUSEHOLD_1_291,67136.4399999998
FOODS_2_339,67131.40999999983
HOBBIES_1_413,67130.90999999989
FOODS_3_565,67029.15999999989
HOUSEHOLD_1_136,66989.34999999982
HOBBIES_1_242,66941.00000000028
HOUSEHOLD_1_175,66911.39000000022
HOBBIES_1_200,66886.62000000049
FOODS_3_794,66850.52000000034
HOUSEHOLD_1_362,66753.71999999975
FOODS_1_002,66702.98000000014
HOUSEHOLD_2_472,66689.84999999992
FOODS_2_092,66622.32999999981
FOODS_1_047,66539.87999999983
FOODS_3_708,66534.32000000046
FOODS_3_439,66411.07000000012
FOODS_3_096,66320.12000000002
FOODS_3_334,66311.69000000005
HOUSEHOLD_2_115,66245.85999999953
HOBBIES_1_276,66203.31999999995
FOODS_1_174,66182.0399999998
FOODS_3_594,66164.0900000001
FOODS_1_019,66068.59000000004
HOUSEHOLD_1_301,66004.46000000021
HOUSEHOLD_1_044,65949.89999999992
HOUSEHOLD_2_468,65942.15000000015
FOODS_2_374,65929.30000000006
FOODS_2_307,65922.23000000001
HOUSEHOLD_2_485,65806.64999999978
HOBBIES_1_335,65605.87000000002
HOUSEHOLD_1_251,65600.4300000002
HOUSEHOLD_1_233,65490.89999999994
FOODS_3_116,65486.359999999775
FOODS_3_712,65435.73999999997
HOBBIES_1_104,65348.679999999964
HOUSEHOLD_2_388,65276.53999999979
FOODS_3_021,65274.72000000012
FOODS_2_153,65236.28000000049
HOUSEHOLD_2_492,65188.93000000035
HOUSEHOLD_2_199,65145.59999999985
FOODS_3_352,65092.93000000006
HOBBIES_1_409,65068.28000000044
HOUSEHOLD_1_421,64967.74000000016
FOODS_2_375,64925.02000000014
HOUSEHOLD_1_453,64845.66
FOODS_1_201,64712.8299999994
HOBBIES_1_151,64693.719999999594
HOUSEHOLD_1_528,64691.679999999564
FOODS_2_075,64673.00000000038
FOODS_2_392,64535.820000000014
HOUSEHOLD_2_427,64431.96000000037
FOODS_3_450,64387.85000000017
FOODS_1_140,64323.300000000025
HOBBIES_1_301,64299.989999999496
FOODS_3_101,64226.31999999999
HOUSEHOLD_1_385,64125.4699999999
HOUSEHOLD_1_225,64073.04000000025
FOODS_1_099,64004.24000000023
FOODS_3_291,63975.71000000025
FOODS_1_204,63974.96000000013
HOUSEHOLD_1_517,63940.28000000036
HOUSEHOLD_2_197,63862.88999999969
FOODS_3_053,63814.020000000084
FOODS_2_062,63805.45000000019
FOODS_1_199,63632.02000000004
FOODS_2_047,63554.5400000005
HOUSEHOLD_1_028,63437.029999999795
HOBBIES_1_026,63431.679999999884
FOODS_2_014,63306.03000000046
FOODS_3_138,63033.30000000022
HOBBIES_1_356,63002.060000000434
HOUSEHOLD_1_414,62973.92000000001
HOUSEHOLD_1_009,62957.879999999896
FOODS_1_172,62952.670000000086
HOBBIES_1_028,62913.27
HOUSEHOLD_1_508,62857.250000000204
HOUSEHOLD_2_368,62847.280000000035
HOBBIES_1_329,62813.46999999967
FOODS_2_204,62795.319999999985
FOODS_3_267,62775.0900000004
FOODS_1_094,62656.63999999986
FOODS_3_537,62605.400000000154
HOUSEHOLD_2_356,62601.670000000384
HOUSEHOLD_2_507,62593.239999999794
FOODS_3_290,62582.0
HOBBIES_1_254,62566.51999999999
HOUSEHOLD_1_077,62516.980000000316
FOODS_3_285,62472.33000000008
FOODS_3_065,62469.15999999998
FOODS_3_118,62311.339999999764
FOODS_3_629,62285.54000000008
HOUSEHOLD_1_091,62285.469999999776
HOUSEHOLD_2_256,62282.30000000013
HOBBIES_1_194,62213.84000000049
HOUSEHOLD_1_221,62069.35999999995
HOBBIES_1_332,62061.04000000043
FOODS_3_765,62053.92000000023
FOODS_2_348,62041.05000000004
FOODS_3_559,61945.82000000025
FOODS_3_020,61901.23000000001
HOUSEHOLD_2_223,61863.48999999981
HOUSEHOLD_2_250,61858.33000000023
HOUSEHOLD_1_397,61762.2499999998
FOODS_1_108,61712.5
FOODS_2_034,61711.31999999999
FOODS_3_395,61503.42000000011
FOODS_3_183,61467.82000000027
HOUSEHOLD_1_540,61459.28000000025
FOODS_3_616,61436.25000000003
HOUSEHOLD_1_180,61401.970000000336
FOODS_2_086,61352.29000000014
HOUSEHOLD_2_159,61348.0399999998
FOODS_3_820,61298.34000000031
HOBBIES_1_073,61134.22999999965
FOODS_1_206,61032.240000000056
HOUSEHOLD_2_406,60930.75000000014
FOODS_3_631,60890.62000000021
HOUSEHOLD_1_063,60778.999999999905
HOUSEHOLD_1_081,60693.600000000035
FOODS_3_213,60600.9500000001
HOUSEHOLD_2_315,60590.080000000264
HOUSEHOLD_1_247,60564.85999999987
FOODS_3_646,60563.14000000003
HOUSEHOLD_1_468,60481.18000000013
HOBBIES_1_015,60468.50999999994
HOUSEHOLD_2_514,60395.30999999997
FOODS_2_298,60393.85999999986
HOUSEHOLD_1_176,60322.08999999989
HOUSEHOLD_1_265,60217.00000000024
HOUSEHOLD_1_520,60057.870000000046
HOBBIES_1_414,59996.15999999976
FOODS_2_081,59952.16000000005
FOODS_2_356,59926.289999999964
HOUSEHOLD_1_033,59870.509999999915
FOODS_2_382,59639.80000000014
FOODS_3_211,59519.25999999971
FOODS_3_495,59435.60000000007
FOODS_3_729,59434.880000000136
FOODS_3_261,59401.25000000016
FOODS_2_035,59258.38000000002
FOODS_3_326,59244.09000000015
HOUSEHOLD_1_276,59213.06999999975
FOODS_3_786,59204.94000000019
FOODS_3_274,59174.510000000235
FOODS_2_058,59106.789999999826
FOODS_3_411,58955.920000000246
FOODS_3_249,58912.45000000004
FOODS_3_032,58891.92000000018
HOBBIES_1_390,58888.56000000002
FOODS_3_801,58879.0
FOODS_2_196,58847.509999999915
HOBBIES_1_371,58801.20000000032
HOUSEHOLD_2_284,58705.38000000017
HOUSEHOLD_1_348,58643.360000000146
HOUSEHOLD_1_166,58625.07000000017
FOODS_2_189,58393.59999999997
HOUSEHOLD_1_426,58341.03999999991
FOODS_2_391,57934.380000000194
HOBBIES_1_251,57861.589999999866
HOUSEHOLD_1_375,57852.16999999982
HOUSEHOLD_2_282,57756.13000000004
FOODS_3_480,57736.87000000023
FOODS_2_242,57644.41999999994
FOODS_2_361,57630.059999999925
FOODS_3_770,57618.88000000008
FOODS_2_357,57591.780000000086
FOODS_2_031,57572.959999999825
HOUSEHOLD_1_282,57536.79999999999
HOUSEHOLD_1_202,57505.14000000027
HOUSEHOLD_1_372,57313.96999999981
FOODS_1_059,57289.27000000001
HOBBIES_1_306,57202.61000000003
HOBBIES_1_042,57180.24999999989
FOODS_1_196,57074.12000000004
HOUSEHOLD_1_280,57070.50999999978
FOODS_3_081,57038.69999999977
HOUSEHOLD_1_354,57019.099999999766
HOUSEHOLD_2_391,56977.189999999966
FOODS_2_245,56887.99000000021
FOODS_3_212,56810.02000000023
HOBBIES_1_421,56732.19000000028
FOODS_2_367,56648.5499999998
HOUSEHOLD_1_173,56647.99999999991
FOODS_3_515,56643.34000000032
FOODS_3_423,56603.20000000024
FOODS_2_076,56601.07999999983
FOODS_3_222,56588.770000000135
FOODS_2_261,56570.620000000104
FOODS_3_715,56535.900000000176
HOUSEHOLD_1_021,56474.57000000014
HOUSEHOLD_2_050,56365.57000000005
FOODS_3_131,56356.08
FOODS_1_037,56349.199999999844
FOODS_3_705,56336.620000000505
HOUSEHOLD_1_095,56317.10999999978
FOODS_2_294,56294.72000000003
FOODS_2_373,56272.08000000023
FOODS_1_154,56213.71000000011
FOODS_3_825,56194.17000000016
FOODS_2_229,56179.559999999896
HOBBIES_1_249,56122.22000000054
HOUSEHOLD_1_132,56110.569999999745
FOODS_3_620,56085.5
HOUSEHOLD_2_349,56038.869999999835
HOUSEHOLD_2_200,56005.74000000026
HOBBIES_1_257,55968.77000000016
HOUSEHOLD_1_464,55966.129999999794
FOODS_1_210,55954.28000000021
HOBBIES_1_093,55906.32000000013
HOUSEHOLD_2_110,55906.12000000013
HOUSEHOLD_1_482,55739.60000000042
FOODS_3_464,55690.56
HOUSEHOLD_1_355,55606.480000000076
FOODS_1_193,55515.310000000005
FOODS_3_357,55467.75000000017
HOUSEHOLD_2_439,55420.90000000009
HOUSEHOLD_1_448,55370.8000000001
HOUSEHOLD_1_515,55318.50999999979
HOBBIES_1_253,55250.45000000009
HOUSEHOLD_1_442,55219.31999999991
FOODS_2_143,55214.65999999999
FOODS_2_306,55195.260000000104
FOODS_3_683,55138.49999999996
HOUSEHOLD_1_395,55113.91000000024
HOUSEHOLD_2_411,55094.560000000085
HOUSEHOLD_2_347,55048.02000000013
FOODS_2_206,54989.32000000002
FOODS_3_610,54893.85000000033
HOUSEHOLD_1_007,54870.880000000296
HOBBIES_1_020,54827.41999999988
FOODS_3_063,54495.030000000246
HOUSEHOLD_2_059,54480.03000000035
HOUSEHOLD_1_125,54470.07999999974
FOODS_3_031,54425.87999999984
FOODS_2_122,54345.2299999999
FOODS_3_410,54111.49999999978
FOODS_3_593,54095.96000000003
FOODS_3_272,54088.02000000005
HOUSEHOLD_1_536,54078.96000000025
FOODS_2_144,54033.68999999996
HOUSEHOLD_1_059,54026.48999999952
HOBBIES_1_133,53988.10000000007
HOUSEHOLD_1_316,53935.69000000025
HOUSEHOLD_2_044,53731.20000000017
HOUSEHOLD_2_257,53437.45000000023
HOUSEHOLD_1_252,53418.66999999986
FOODS_3_405,53380.77000000009
HOUSEHOLD_1_002,53299.61999999982
FOODS_2_396,53244.63000000018
FOODS_1_113,53227.80000000026
FOODS_3_269,53185.30000000022
FOODS_3_244,53160.780000000144
HOBBIES_1_022,53123.61999999981
HOUSEHOLD_2_431,53042.54999999982
FOODS_1_045,52990.92000000034
HOUSEHOLD_2_051,52898.309999999874
HOUSEHOLD_1_365,52844.119999999966
FOODS_2_140,52795.270000000055
HOBBIES_1_210,52781.70999999999
FOODS_1_123,52776.60999999975
HOUSEHOLD_1_401,52693.09999999982
HOBBIES_1_109,52648.00999999978
FOODS_3_177,52519.50000000019
HOUSEHOLD_2_142,52498.01999999991
HOUSEHOLD_1_246,52488.240000000114
FOODS_3_026,52465.78000000033
HOUSEHOLD_2_262,52361.68999999978
HOUSEHOLD_2_212,52330.93000000034
FOODS_3_168,52330.050000000316
HOBBIES_1_310,52304.15999999999
FOODS_3_014,52290.200000000186
FOODS_3_299,52225.91999999998
HOUSEHOLD_1_254,52130.600000000064
FOODS_3_185,52130.50000000018
HOBBIES_1_084,52118.1200000005
FOODS_2_024,52084.22999999996
FOODS_3_074,52055.660000000156
HOUSEHOLD_2_375,51992.539999999986
HOBBIES_1_203,51988.32000000005
FOODS_1_207,51958.24000000022
FOODS_2_330,51877.479999999996
HOBBIES_2_075,51877.410000000214
FOODS_3_422,51756.45000000004
FOODS_3_108,51737.39
FOODS_3_461,51706.84000000024
HOUSEHOLD_1_341,51678.980000000374
HOUSEHOLD_1_074,51662.09000000011
HOUSEHOLD_2_035,51614.2700000002
HOUSEHOLD_1_161,51581.24999999996
HOUSEHOLD_1_361,51409.120000000374
FOODS_3_383,51396.93000000011
HOBBIES_1_266,51376.35000000003
FOODS_2_154,51293.86999999987
FOODS_3_659,51194.140000000196
FOODS_3_128,51170.240000000216
FOODS_2_359,51134.90999999999
FOODS_3_234,51029.37000000001
HOBBIES_1_298,50955.84000000049
FOODS_1_167,50950.059999999976
HOUSEHOLD_1_257,50944.17999999983
FOODS_3_644,50918.63999999995
HOBBIES_1_132,50904.840000000106
HOBBIES_1_103,50885.840000000026
HOUSEHOLD_1_168,50865.169999999845
FOODS_3_076,50855.75999999999
FOODS_3_280,50827.21000000009
HOUSEHOLD_2_350,50721.91000000038
HOBBIES_1_348,50714.32000000031
FOODS_2_351,50710.010000000206
FOODS_2_085,50688.47999999985
FOODS_2_216,50482.59000000014
HOBBIES_1_177,50457.719999999696
FOODS_1_051,50348.69999999965
FOODS_2_397,50266.920000000086
FOODS_2_126,50241.43000000014
HOUSEHOLD_2_308,50214.84999999992
HOUSEHOLD_2_178,50189.269999999946
FOODS_2_109,50153.76000000015
HOUSEHOLD_1_417,50145.440000000126
FOODS_3_487,50136.43999999992
HOUSEHOLD_1_368,50082.73000000008
FOODS_3_355,49933.680000000044
HOUSEHOLD_2_395,49930.35000000022
FOODS_2_224,49904.800000000214
FOODS_3_386,49837.69999999995
FOODS_1_006,49778.88999999978
FOODS_2_079,49701.81999999999
HOUSEHOLD_1_489,49600.749999999956
FOODS_3_112,49567.84000000021
FOODS_3_396,49546.82000000007
FOODS_3_181,49491.84000000021
HOBBIES_1_146,49439.72000000002
FOODS_2_049,49408.03000000019
HOUSEHOLD_1_143,49403.65999999998
HOUSEHOLD_1_141,49392.12999999969
HOUSEHOLD_2_295,49357.68999999983
HOUSEHOLD_1_025,49344.09000000023
HOUSEHOLD_1_325,49307.35000000023
FOODS_3_685,49264.83
FOODS_3_415,49245.10999999996
FOODS_2_346,49229.180000000095
FOODS_3_273,49215.399999999885
HOBBIES_1_328,49187.67999999995
FOODS_3_523,49117.860000000255
FOODS_2_100,49113.59999999999
HOBBIES_1_075,49107.43000000007
HOBBIES_1_273,49097.3099999999
HOBBIES_1_094,49090.42999999989
FOODS_3_381,49068.230000000214
FOODS_3_687,49013.90000000023
HOUSEHOLD_1_458,48987.34000000023
FOODS_1_048,48984.16000000012
FOODS_2_002,48889.179999999906
FOODS_1_120,48870.94000000015
HOUSEHOLD_1_267,48862.8599999999
HOUSEHOLD_1_150,48786.57000000001
FOODS_3_675,48765.06000000029
FOODS_1_040,48728.24000000032
HOUSEHOLD_2_152,48725.23000000001
HOUSEHOLD_1_046,48675.7300000002
HOUSEHOLD_2_316,48662.35999999973
FOODS_3_279,48656.740000000245
FOODS_2_116,48598.630000000056
HOUSEHOLD_2_457,48496.73999999985
HOBBIES_1_264,48441.389999999825
HOUSEHOLD_1_093,48428.000000000284
HOBBIES_1_097,48378.79999999963
HOUSEHOLD_2_449,48375.740000000056
HOUSEHOLD_2_191,48250.86000000019
HOUSEHOLD_2_403,48233.02000000007
FOODS_3_286,48172.78000000017
HOUSEHOLD_1_383,48118.63000000005
HOBBIES_1_379,47991.79999999963
HOUSEHOLD_1_349,47986.600000000246
FOODS_3_776,47923.26000000017
HOUSEHOLD_2_193,47909.75000000032
FOODS_3_706,47828.88000000024
HOBBIES_1_319,47790.38000000013
FOODS_1_151,47785.77000000007
FOODS_1_208,47753.86000000013
FOODS_3_810,47655.479999999974
FOODS_3_289,47653.75000000036
HOBBIES_1_012,47605.46999999989
FOODS_2_232,47595.32999999972
HOUSEHOLD_1_313,47437.60999999986
FOODS_3_591,47397.739999999954
HOBBIES_1_123,47378.620000000075
HOUSEHOLD_1_105,47357.470000000256
FOODS_3_689,47266.80000000024
HOUSEHOLD_1_326,47057.16000000015
FOODS_2_005,47014.28999999992
FOODS_3_339,46971.01999999998
HOUSEHOLD_1_491,46897.000000000146
FOODS_3_011,46863.960000000436
FOODS_3_163,46863.85999999987
HOBBIES_1_355,46835.310000000434
FOODS_3_207,46754.960000000196
FOODS_3_771,46748.01999999995
FOODS_1_053,46731.34999999995
FOODS_3_612,46639.46000000013
HOUSEHOLD_2_246,46634.009999999704
FOODS_2_399,46596.780000000144
HOUSEHOLD_2_512,46477.089999999866
HOUSEHOLD_2_033,46461.54999999989
FOODS_2_211,46456.529999999955
FOODS_2_135,46446.74000000014
FOODS_2_065,46435.159999999996
FOODS_1_192,46428.6899999999
HOUSEHOLD_1_522,46412.480000000134
HOUSEHOLD_1_306,46350.340000000055
FOODS_2_385,46338.80000000008
HOUSEHOLD_1_181,46278.1100000003
HOBBIES_1_405,46252.05999999994
FOODS_3_302,46224.26
FOODS_3_475,46146.0
FOODS_3_321,46119.94000000019
FOODS_3_614,46069.70000000015
FOODS_1_042,46064.44000000029
HOUSEHOLD_1_487,46051.35000000003
FOODS_3_095,46006.1600000001
HOBBIES_1_124,45994.8000000001
FOODS_3_452,45961.98000000014
FOODS_3_196,45914.58000000014
HOUSEHOLD_1_182,45864.77999999991
HOUSEHOLD_2_248,45859.28999999996
HOBBIES_1_376,45798.05000000001
FOODS_1_020,45706.97999999979
FOODS_3_199,45677.67999999997
HOBBIES_1_268,45677.28000000028
FOODS_3_492,45613.99000000021
FOODS_1_074,45612.979999999756
FOODS_3_721,45540.36000000019
HOBBIES_1_351,45499.81000000024
HOUSEHOLD_1_379,45425.09999999999
FOODS_2_099,45326.66000000009
FOODS_3_528,45300.39000000013
HOBBIES_1_129,45278.800000000374
FOODS_2_174,45221.820000000094
HOBBIES_1_204,45105.639999999985
HOUSEHOLD_1_145,45103.37999999999
FOODS_3_748,45051.660000000236
HOBBIES_1_069,45015.060000000005
HOBBIES_1_296,45001.19000000028
HOBBIES_1_211,44979.579999999994
FOODS_1_112,44979.33000000026
HOBBIES_1_046,44976.349999999984
HOUSEHOLD_1_215,44969.599999999715
FOODS_1_205,44950.24000000009
FOODS_3_301,44936.12000000033
HOUSEHOLD_1_023,44893.31999999996
FOODS_3_225,44889.56000000029
HOBBIES_1_193,44821.87999999995
HOBBIES_1_057,44821.84000000036
FOODS_1_036,44787.15999999997
FOODS_2_225,44771.67999999997
HOBBIES_1_034,44767.24000000006
FOODS_1_127,44748.25999999987
FOODS_3_731,44742.67000000019
FOODS_3_094,44730.560000000194
HOBBIES_1_233,44677.64000000003
FOODS_3_034,44637.72999999995
FOODS_2_283,44543.300000000185
FOODS_1_128,44542.12000000011
HOUSEHOLD_2_054,44485.71999999964
HOUSEHOLD_1_527,44482.60999999989
HOUSEHOLD_2_380,44480.2399999999
FOODS_3_110,44425.300000000025
FOODS_2_231,44389.439999999995
HOBBIES_1_392,44378.62000000005
HOBBIES_1_341,44273.620000000294
HOUSEHOLD_2_259,44216.65999999989
HOUSEHOLD_1_278,44195.67999999991
HOUSEHOLD_1_097,44190.15999999983
FOODS_3_502,44132.93999999996
FOODS_1_191,44064.63999999998
FOODS_1_069,44039.530000000035
HOUSEHOLD_1_218,43968.92000000014
FOODS_2_051,43877.61999999997
HOUSEHOLD_1_149,43840.75999999997
FOODS_2_267,43821.330000000045
HOBBIES_1_287,43786.32000000025
HOUSEHOLD_2_145,43704.159999999916
HOUSEHOLD_2_166,43678.78999999991
HOBBIES_1_403,43612.619999999995
HOUSEHOLD_1_281,43553.48000000024
HOBBIES_1_407,43519.09000000034
HOUSEHOLD_1_262,43512.260000000024
HOUSEHOLD_2_029,43507.08000000003
FOODS_2_376,43486.37000000003
FOODS_3_148,43429.74000000007
HOBBIES_1_178,43404.98000000027
HOUSEHOLD_1_307,43403.33999999985
FOODS_1_062,43373.800000000105
FOODS_3_823,43355.2900000002
HOUSEHOLD_1_299,43334.38000000001
HOUSEHOLD_2_084,43332.519999999946
HOBBIES_1_117,43313.929999999935
HOUSEHOLD_1_147,43298.57000000027
HOBBIES_1_238,43273.57000000026
FOODS_3_588,43254.48000000016
HOBBIES_1_370,43198.7600000003
FOODS_3_692,43149.45999999995
FOODS_2_344,43132.57000000018
HOUSEHOLD_2_039,43112.459999999875
FOODS_3_294,43105.1400000002
FOODS_3_671,43099.68000000036
FOODS_2_042,43047.459999999795
FOODS_3_414,43034.770000000004
HOUSEHOLD_1_302,43016.42999999996
HOUSEHOLD_2_461,42961.56999999993
FOODS_1_054,42950.22000000032
HOUSEHOLD_2_297,42943.629999999976
HOUSEHOLD_2_477,42939.47000000002
HOBBIES_1_016,42932.960000000065
FOODS_3_638,42918.36999999999
FOODS_1_090,42792.67999999978
FOODS_2_321,42784.600000000144
HOBBIES_1_163,42721.5200000001
HOBBIES_1_058,42720.810000000165
FOODS_2_305,42720.7500000001
FOODS_2_134,42681.410000000156
HOBBIES_1_120,42652.03000000006
FOODS_3_336,42601.899999999914
HOBBIES_1_005,42577.80000000026
FOODS_3_775,42486.230000000105
HOUSEHOLD_1_008,42469.539999999884
FOODS_2_263,42403.730000000105
FOODS_3_497,42390.740000000005
FOODS_3_490,42371.60000000007
HOBBIES_1_278,42369.08
HOUSEHOLD_2_071,42355.059999999925
FOODS_2_314,42321.62999999987
FOODS_3_673,42302.5200000001
HOUSEHOLD_2_183,42231.25999999983
FOODS_2_004,42221.1100000001
FOODS_3_015,42189.280000000064
HOBBIES_1_008,42162.42000000026
HOUSEHOLD_2_217,42149.71999999965
FOODS_2_003,42103.40000000019
HOUSEHOLD_2_384,42087.60000000005
HOUSEHOLD_1_475,42028.65000000026
HOBBIES_1_387,42006.11999999998
FOODS_1_215,41964.51999999998
HOBBIES_1_027,41940.71000000002
FOODS_3_012,41911.510000000075
HOBBIES_1_360,41876.88000000011
FOODS_2_327,41863.59000000008
HOUSEHOLD_1_284,41788.20000000018
HOUSEHOLD_2_078,41756.58000000005
FOODS_2_387,41750.42999999997
HOBBIES_1_033,41671.81
FOODS_3_333,41661.18000000017
FOODS_3_581,41649.69000000006
HOBBIES_1_184,41634.61999999995
FOODS_1_063,41623.169999999904
HOUSEHOLD_2_011,41620.3899999997
HOUSEHOLD_1_153,41600.49000000008
FOODS_2_044,41566.14
HOUSEHOLD_2_219,41538.36000000023
FOODS_3_645,41493.2800000001
HOUSEHOLD_2_136,41492.41999999968
FOODS_3_504,41442.99000000021
FOODS_2_182,41409.49000000009
HOUSEHOLD_1_446,41355.72999999999
FOODS_1_092,41306.7000000001
HOUSEHOLD_1_232,41262.25000000015
FOODS_3_187,41210.9
HOUSEHOLD_2_423,41191.11999999969
FOODS_3_494,41114.97000000017
FOODS_2_025,41080.77999999998
FOODS_3_752,41066.60000000002
FOODS_2_151,40996.00999999991
HOUSEHOLD_1_323,40951.89999999992
FOODS_2_288,40849.52000000018
FOODS_1_130,40817.009999999915
HOUSEHOLD_1_346,40780.97000000026
FOODS_3_102,40693.60000000016
FOODS_3_766,40686.290000000285
HOUSEHOLD_1_394,40683.88000000027
HOUSEHOLD_2_301,40562.249999999985
HOUSEHOLD_2_486,40493.639999999956
HOBBIES_1_378,40430.30999999985
HOBBIES_1_128,40383.64999999994
FOODS_3_006,40369.240000000136
FOODS_3_215,40342.520000000004
FOODS_2_045,40305.88000000008
FOODS_3_328,40304.98000000032
HOUSEHOLD_2_444,40287.53999999995
FOODS_2_340,40246.220000000154
FOODS_3_045,40219.92000000014
FOODS_3_331,40219.49999999992
HOUSEHOLD_1_315,40192.72000000005
FOODS_2_055,40146.7
HOUSEHOLD_1_503,40109.910000000375
FOODS_3_073,40056.54000000005
FOODS_1_003,39995.68000000023
HOUSEHOLD_2_353,39948.59000000002
HOUSEHOLD_1_085,39928.31000000006
HOUSEHOLD_2_467,39919.319999999985
FOODS_3_277,39868.6200000001
FOODS_3_387,39845.39
HOUSEHOLD_2_131,39812.719999999936
HOUSEHOLD_1_183,39809.5400000002
FOODS_3_609,39775.83000000016
FOODS_1_034,39712.04000000002
FOODS_2_053,39694.53000000003
HOBBIES_1_381,39678.63000000009
HOBBIES_1_339,39668.58000000006
HOUSEHOLD_1_532,39632.40000000022
FOODS_3_677,39613.910000000134
FOODS_1_214,39582.94000000006
HOBBIES_1_135,39552.590000000084
FOODS_1_015,39542.36000000006
FOODS_3_666,39411.029999999926
FOODS_1_028,39328.66000000009
HOUSEHOLD_2_452,39286.20000000017
HOUSEHOLD_1_047,39213.19000000015
HOUSEHOLD_1_309,39192.77000000002
FOODS_3_191,39172.0
HOUSEHOLD_2_155,39167.42000000004
FOODS_2_272,39160.89999999991
HOUSEHOLD_1_452,39155.739999999954
FOODS_2_117,39126.35999999999
FOODS_1_065,39116.72999999983
HOUSEHOLD_2_025,39083.08999999998
HOUSEHOLD_2_090,39051.69999999999
HOBBIES_1_270,38995.40000000029
FOODS_2_199,38985.81999999999
HOBBIES_1_311,38952.64000000003
HOUSEHOLD_1_211,38854.09999999967
FOODS_3_742,38847.19000000009
FOODS_3_711,38783.170000000035
FOODS_1_197,38686.500000000095
HOUSEHOLD_2_124,38674.460000000065
FOODS_2_032,38668.349999999926
FOODS_1_124,38660.96999999986
FOODS_1_072,38658.080000000075
FOODS_1_025,38645.649999999994
HOBBIES_1_014,38627.3800000002
HOUSEHOLD_1_061,38591.86000000027
FOODS_1_133,38572.79000000001
HOUSEHOLD_1_374,38538.64000000001
HOUSEHOLD_2_495,38536.92000000002
HOUSEHOLD_1_226,38513.58000000017
HOUSEHOLD_2_163,38506.760000000024
HOUSEHOLD_2_119,38497.279999999984
HOUSEHOLD_1_451,38478.980000000076
HOUSEHOLD_2_491,38395.66000000004
FOODS_2_136,38384.9499999999
FOODS_1_010,38315.37999999999
FOODS_1_185,38236.820000000014
HOBBIES_1_347,38210.96000000017
HOUSEHOLD_2_390,38206.07000000007
HOBBIES_1_187,38203.130000000034
FOODS_3_394,38195.79000000025
FOODS_2_191,38168.320000000065
FOODS_2_137,38133.12999999999
HOUSEHOLD_1_158,38121.41999999999
FOODS_2_248,38097.82000000008
FOODS_3_082,38095.88000000014
HOBBIES_2_009,38082.99999999997
HOBBIES_1_309,38072.099999999766
FOODS_2_365,38063.130000000005
HOUSEHOLD_2_082,38020.45000000014
FOODS_3_724,38004.28000000008
FOODS_2_048,37986.09000000003
HOBBIES_1_256,37966.58000000025
FOODS_3_071,37927.97999999994
HOUSEHOLD_2_209,37898.60999999998
FOODS_2_037,37893.540000000066
FOODS_1_209,37892.3899999999
HOUSEHOLD_2_139,37889.91999999996
HOUSEHOLD_2_289,37883.32
HOUSEHOLD_2_325,37872.54000000008
HOUSEHOLD_2_143,37736.660000000134
HOUSEHOLD_1_070,37640.919999999955
FOODS_3_509,37631.6600000002
HOUSEHOLD_1_420,37519.86000000009
FOODS_2_138,37504.54000000011
FOODS_3_007,37470.76000000002
FOODS_3_089,37462.54
HOUSEHOLD_1_432,37456.1300000001
HOUSEHOLD_2_052,37407.03
HOUSEHOLD_2_001,37370.16000000003
FOODS_2_020,37357.53999999999
FOODS_3_360,37277.53000000009
HOUSEHOLD_1_424,37243.739999999976
HOBBIES_2_131,37228.959999999985
HOUSEHOLD_2_426,37205.37999999972
FOODS_3_508,37186.0
HOUSEHOLD_1_407,37165.85999999997
FOODS_3_048,37085.340000000004
FOODS_3_306,37079.679999999964
HOBBIES_1_067,37021.15000000004
HOBBIES_2_033,36987.670000000195
HOUSEHOLD_1_034,36883.02000000007
HOUSEHOLD_1_335,36858.27000000007
HOUSEHOLD_1_471,36813.70000000011
FOODS_2_146,36807.42000000003
FOODS_3_817,36793.920000000246
FOODS_2_169,36757.67999999988
HOBBIES_1_083,36705.26000000007
HOBBIES_1_048,36700.32000000013
HOUSEHOLD_2_242,36656.29999999997
FOODS_3_754,36609.61999999996
HOUSEHOLD_1_529,36492.22000000006
HOUSEHOLD_1_524,36394.150000000045
FOODS_2_345,36385.39000000002
FOODS_3_719,36378.76000000001
FOODS_1_013,36356.190000000075
HOUSEHOLD_2_062,36347.60000000024
HOUSEHOLD_2_275,36329.13999999993
FOODS_3_335,36319.750000000175
FOODS_1_175,36309.100000000144
FOODS_3_547,36228.26000000002
HOUSEHOLD_2_320,36193.560000000005
FOODS_3_158,36146.309999999976
FOODS_1_182,36137.840000000186
FOODS_2_157,36102.67
FOODS_1_164,36057.88
HOUSEHOLD_2_226,36040.94000000003
FOODS_2_250,36025.48000000001
FOODS_3_013,36024.659999999945
FOODS_1_200,36021.74000000009
HOUSEHOLD_1_001,36020.77000000004
FOODS_3_557,36019.33999999998
FOODS_3_025,35985.24000000024
HOUSEHOLD_2_055,35979.64000000002
FOODS_2_378,35976.440000000046
FOODS_1_075,35966.899999999834
HOBBIES_1_032,35959.22000000003
HOBBIES_1_043,35944.05000000013
HOBBIES_1_404,35939.94000000019
HOUSEHOLD_2_511,35917.329999999674
HOBBIES_1_209,35878.75000000012
FOODS_3_155,35870.13000000014
FOODS_3_322,35854.989999999976
HOUSEHOLD_2_505,35850.08000000003
HOBBIES_1_243,35822.370000000104
HOUSEHOLD_1_269,35821.65000000014
FOODS_3_566,35759.96
FOODS_3_162,35731.12000000016
HOUSEHOLD_1_101,35680.23999999968
FOODS_1_153,35627.31000000018
HOUSEHOLD_2_328,35622.710000000014
HOUSEHOLD_2_273,35576.71999999988
HOBBIES_1_281,35549.219999999965
HOUSEHOLD_2_045,35541.33000000005
HOBBIES_1_282,35529.02000000009
FOODS_3_483,35511.01000000015
FOODS_3_625,35484.44000000003
HOBBIES_1_197,35477.509999999966
HOBBIES_1_049,35474.52000000012
HOUSEHOLD_2_269,35301.63000000001
HOBBIES_1_001,35281.940000000024
HOBBIES_1_116,35280.91000000003
HOBBIES_1_010,35240.50000000008
HOUSEHOLD_1_185,35217.49999999992
FOODS_2_383,35198.39999999991
FOODS_3_821,35194.47000000009
HOUSEHOLD_2_344,35193.34999999999
FOODS_3_489,35159.20000000008
FOODS_2_338,35079.130000000114
FOODS_3_584,35054.0
HOUSEHOLD_2_088,35024.42000000005
HOBBIES_1_350,35002.21000000015
HOUSEHOLD_1_204,34934.00000000015
FOODS_3_317,34927.440000000075
FOODS_3_604,34923.74999999996
HOUSEHOLD_2_208,34871.59000000001
HOUSEHOLD_2_500,34826.899999999936
FOODS_1_093,34816.79999999999
FOODS_3_560,34792.75000000018
HOUSEHOLD_1_220,34783.27999999995
FOODS_2_389,34779.86000000001
HOBBIES_1_388,34744.29000000019
HOUSEHOLD_2_385,34744.15000000004
HOBBIES_1_076,34716.47999999999
FOODS_2_279,34683.47000000002
HOBBIES_1_295,34641.72000000019
FOODS_3_141,34625.68000000024
HOUSEHOLD_2_321,34589.719999999885
FOODS_3_248,34561.370000000235
HOUSEHOLD_1_089,34534.040000000015
FOODS_3_467,34505.72000000025
FOODS_3_229,34494.23999999998
FOODS_3_542,34489.75999999999
HOUSEHOLD_1_484,34466.29000000001
FOODS_3_606,34460.940000000184
HOBBIES_1_024,34455.67999999999
FOODS_3_303,34404.07000000014
HOUSEHOLD_1_078,34404.00999999992
FOODS_3_182,34311.72000000013
FOODS_2_243,34199.34000000005
HOUSEHOLD_1_217,34194.59999999995
FOODS_3_173,34193.160000000025
HOUSEHOLD_2_346,34158.809999999954
HOUSEHOLD_2_501,34146.920000000035
HOUSEHOLD_1_178,34092.48000000004
HOUSEHOLD_1_419,34077.46000000012
HOBBIES_1_246,34062.91000000004
FOODS_2_102,34028.94000000001
HOBBIES_1_377,34013.76000000007
HOUSEHOLD_2_002,34011.000000000124
FOODS_3_660,33969.16000000012
FOODS_1_098,33944.509999999995
FOODS_1_142,33942.800000000076
FOODS_3_805,33924.0
FOODS_3_206,33810.27999999998
HOUSEHOLD_1_295,33799.16000000014
FOODS_3_498,33792.34000000005
FOODS_2_069,33782.40000000005
HOUSEHOLD_2_122,33737.81000000008
FOODS_3_029,33731.20000000013
HOUSEHOLD_1_210,33729.25000000002
FOODS_3_320,33720.28000000015
FOODS_3_365,33693.579999999965
HOUSEHOLD_2_488,33675.050000000054
HOUSEHOLD_2_489,33635.470000000016
FOODS_3_543,33634.460000000174
FOODS_1_115,33626.79999999997
FOODS_3_759,33598.02000000008
HOBBIES_1_118,33569.299999999865
HOUSEHOLD_1_499,33553.80000000016
HOUSEHOLD_2_466,33548.22000000007
HOBBIES_1_183,33504.740000000056
HOUSEHOLD_2_255,33485.39000000003
FOODS_3_686,33478.44000000014
HOUSEHOLD_2_128,33351.170000000166
FOODS_1_186,33335.550000000076
HOUSEHOLD_1_098,33316.50000000005
FOODS_1_041,33273.36
FOODS_3_005,33262.83000000005
FOODS_2_033,33259.160000000076
FOODS_3_160,33223.11999999997
HOUSEHOLD_1_121,33216.73000000016
FOODS_2_275,33145.2000000001
HOUSEHOLD_2_207,33128.49000000008
HOUSEHOLD_1_495,33109.01000000002
HOBBIES_1_159,33096.61
FOODS_2_041,33086.02000000003
HOUSEHOLD_1_060,33084.9
HOUSEHOLD_1_134,33073.80000000011
HOUSEHOLD_1_192,33058.1899999997
HOUSEHOLD_2_447,33055.04000000014
HOUSEHOLD_2_367,33016.64000000004
FOODS_3_649,32938.73000000013
HOUSEHOLD_1_533,32926.520000000084
HOUSEHOLD_1_305,32894.460000000116
HOUSEHOLD_2_292,32887.81000000002
HOBBIES_1_312,32885.11000000003
HOUSEHOLD_2_490,32799.0000000001
FOODS_2_353,32791.71000000005
FOODS_2_072,32787.710000000116
FOODS_3_186,32783.26999999991
HOUSEHOLD_1_298,32776.879999999976
HOUSEHOLD_2_118,32734.400000000085
HOUSEHOLD_1_396,32692.19000000008
FOODS_3_605,32690.740000000013
FOODS_3_781,32606.030000000115
HOBBIES_1_244,32603.98000000016
FOODS_3_768,32585.70000000005
HOUSEHOLD_2_376,32535.16000000003
HOBBIES_1_248,32512.560000000263
HOUSEHOLD_1_534,32498.71000000003
HOUSEHOLD_2_019,32493.150000000045
FOODS_2_313,32486.050000000123
FOODS_2_258,32467.290000000106
HOBBIES_1_202,32462.069999999927
HOUSEHOLD_1_430,32451.690000000082
FOODS_2_162,32445.469999999994
HOUSEHOLD_1_333,32411.870000000126
HOUSEHOLD_1_206,32380.160000000094
HOBBIES_1_154,32358.660000000164
HOUSEHOLD_2_261,32358.130000000092
HOBBIES_1_077,32357.42
HOUSEHOLD_1_170,32321.680000000197
FOODS_1_107,32291.59000000001
HOUSEHOLD_2_251,32179.640000000083
FOODS_3_761,32130.95
HOUSEHOLD_1_167,32113.84000000002
HOUSEHOLD_2_203,32064.120000000094
HOUSEHOLD_2_107,32033.820000000025
FOODS_1_195,32033.13000000002
FOODS_2_192,32008.330000000096
HOUSEHOLD_2_220,31998.440000000086
HOUSEHOLD_2_036,31974.38000000011
HOUSEHOLD_2_497,31926.590000000026
FOODS_1_168,31915.439999999988
HOUSEHOLD_2_233,31905.43000000004
HOBBIES_1_277,31900.989999999936
HOBBIES_1_025,31822.900000000096
HOUSEHOLD_2_446,31784.31
FOODS_3_618,31777.640000000047
FOODS_3_536,31745.030000000097
HOUSEHOLD_1_384,31740.719999999954
HOBBIES_1_130,31724.600000000075
HOUSEHOLD_1_353,31692.760000000242
HOUSEHOLD_1_406,31686.81000000008
FOODS_2_176,31667.090000000007
HOUSEHOLD_2_235,31629.58000000005
FOODS_3_402,31624.420000000056
FOODS_1_139,31569.720000000216
HOUSEHOLD_2_030,31548.04000000007
HOBBIES_1_398,31503.88000000002
FOODS_2_312,31477.800000000032
FOODS_3_506,31456.960000000094
FOODS_3_129,31450.000000000047
HOUSEHOLD_2_232,31360.619999999937
HOUSEHOLD_2_173,31313.640000000083
FOODS_3_624,31289.640000000127
FOODS_2_372,31275.400000000045
FOODS_2_301,31260.800000000025
HOUSEHOLD_1_156,31253.040000000085
FOODS_2_262,31249.490000000053
FOODS_1_050,31239.520000000066
FOODS_2_077,31198.910000000044
HOUSEHOLD_1_450,31178.49000000006
FOODS_3_316,31133.98999999997
FOODS_2_009,31106.75000000012
FOODS_1_181,31086.90000000009
FOODS_2_118,31025.00000000002
FOODS_2_218,31019.210000000043
HOUSEHOLD_1_230,30954.599999999897
HOUSEHOLD_1_371,30930.040000000085
FOODS_3_726,30889.039999999968
FOODS_3_639,30869.350000000126
FOODS_2_264,30863.86000000006
HOUSEHOLD_2_047,30812.62000000014
FOODS_2_207,30797.230000000043
FOODS_3_325,30791.399999999976
FOODS_3_310,30766.81
HOUSEHOLD_2_443,30753.330000000078
FOODS_3_791,30747.48
FOODS_3_062,30688.65000000017
HOUSEHOLD_2_281,30688.250000000044
HOBBIES_2_130,30683.410000000058
FOODS_3_412,30620.020000000044
FOODS_3_200,30613.50999999999
FOODS_1_171,30609.50999999999
HOUSEHOLD_2_236,30565.900000000052
HOUSEHOLD_2_335,30510.84
HOUSEHOLD_2_228,30505.360000000088
HOUSEHOLD_2_089,30461.900000000176
FOODS_1_159,30454.390000000018
HOUSEHOLD_2_383,30421.030000000213
FOODS_2_257,30420.0
FOODS_3_167,30416.76000000013
FOODS_2_111,30357.360000000048
HOBBIES_1_286,30336.14000000017
FOODS_2_156,30335.680000000113
HOBBIES_1_386,30327.119999999908
FOODS_2_332,30308.240000000013
HOBBIES_2_053,30306.890000000087
HOUSEHOLD_1_332,30272.620000000006
HOBBIES_1_150,30259.56999999995
HOUSEHOLD_1_238,30239.96000000014
FOODS_1_117,30229.450000000044
HOUSEHOLD_2_268,30214.10000000009
HOUSEHOLD_1_400,30180.10000000006
FOODS_1_064,30157.299999999963
FOODS_3_700,30085.70000000001
FOODS_3_147,30081.620000000024
HOUSEHOLD_1_483,30068.329999999878
FOODS_2_209,30064.060000000027
FOODS_3_456,30037.4700000001
FOODS_2_107,30010.670000000027
FOODS_3_266,29983.570000000123
FOODS_3_353,29974.90000000003
FOODS_2_228,29971.220000000027
HOUSEHOLD_2_378,29938.62000000004
FOODS_1_114,29859.959999999835
HOUSEHOLD_1_422,29799.05999999979
HOUSEHOLD_2_012,29792.289999999917
FOODS_3_237,29769.28
HOUSEHOLD_2_311,29717.850000000137
HOUSEHOLD_2_454,29702.180000000044
HOUSEHOLD_2_370,29696.39999999994
HOUSEHOLD_2_185,29692.59000000001
HOBBIES_1_303,29659.610000000015
HOBBIES_1_417,29637.230000000036
HOUSEHOLD_1_155,29629.990000000125
HOUSEHOLD_2_305,29585.829999999987
FOODS_3_573,29583.28
FOODS_1_095,29555.939999999988
HOUSEHOLD_1_485,29536.650000000172
FOODS_2_064,29408.679999999895
FOODS_1_143,29401.24000000008
FOODS_2_161,29374.450000000073
FOODS_3_125,29352.12000000006
HOUSEHOLD_1_523,29327.209999999992
FOODS_3_428,29323.800000000138
HOUSEHOLD_1_461,29317.2800000003
HOUSEHOLD_1_492,29276.430000000113
FOODS_2_067,29267.269999999986
HOBBIES_1_095,29260.16000000001
HOUSEHOLD_1_049,29255.590000000026
HOUSEHOLD_2_240,29239.810000000078
HOUSEHOLD_2_083,29239.380000000045
HOUSEHOLD_1_174,29196.690000000068
FOODS_3_239,29173.66000000016
FOODS_3_051,29167.380000000132
FOODS_2_234,29147.630000000077
HOUSEHOLD_2_198,29145.01000000008
HOUSEHOLD_2_241,29132.320000000094
HOUSEHOLD_1_115,29112.370000000126
HOUSEHOLD_1_012,29110.620000000024
FOODS_2_087,29072.970000000027
FOODS_3_589,29068.25999999999
FOODS_1_213,29049.610000000073
HOBBIES_1_344,29044.099999999977
HOUSEHOLD_2_049,29028.96000000004
HOUSEHOLD_2_459,29010.08999999998
FOODS_1_158,29003.479999999996
FOODS_1_157,28989.340000000026
HOUSEHOLD_2_288,28899.100000000108
FOODS_3_043,28879.46999999998
HOBBIES_1_017,28851.03000000012
HOBBIES_1_172,28802.290000000114
FOODS_3_391,28765.319999999978
HOUSEHOLD_2_508,28754.440000000002
FOODS_1_147,28706.55999999999
HOBBIES_1_262,28682.12000000004
HOUSEHOLD_2_402,28650.18000000005
FOODS_2_028,28639.730000000036
HOUSEHOLD_1_470,28619.020000000102
FOODS_3_198,28579.920000000107
HOUSEHOLD_2_299,28557.720000000158
FOODS_2_219,28526.13000000007
HOUSEHOLD_1_137,28509.960000000025
HOUSEHOLD_1_213,28501.760000000064
FOODS_1_016,28494.82000000006
HOUSEHOLD_1_283,28353.730000000112
HOUSEHOLD_1_131,28314.29000000009
FOODS_3_525,28293.750000000004
FOODS_3_544,28261.530000000104
FOODS_3_663,28261.12000000007
FOODS_3_314,28241.929999999993
HOUSEHOLD_2_244,28237.940000000104
FOODS_3_247,28223.840000000095
HOUSEHOLD_2_247,28209.870000000145
HOUSEHOLD_2_337,28206.29000000003
HOUSEHOLD_1_164,28203.719999999958
FOODS_2_220,28201.790000000045
FOODS_3_558,28193.04000000011
FOODS_3_176,28150.630000000056
HOUSEHOLD_2_075,28113.90999999988
FOODS_1_136,28089.689999999962
HOUSEHOLD_2_270,28080.13000000001
HOUSEHOLD_1_069,28079.06000000021
FOODS_1_091,28033.020000000033
FOODS_1_138,28029.030000000053
FOODS_3_716,28025.21999999997
FOODS_2_167,28014.449999999993
FOODS_2_095,27989.240000000016
HOBBIES_1_274,27967.400000000085
FOODS_3_580,27950.490000000056
FOODS_2_108,27920.20000000011
FOODS_2_210,27914.440000000046
FOODS_3_384,27897.70000000011
HOBBIES_1_170,27889.440000000017
HOBBIES_1_189,27889.420000000093
HOUSEHOLD_1_263,27852.470000000067
FOODS_3_718,27840.39000000007
HOBBIES_1_397,27833.000000000084
HOUSEHOLD_2_266,27793.26000000012
HOUSEHOLD_2_218,27782.360000000044
FOODS_2_343,27757.730000000076
HOUSEHOLD_2_440,27733.200000000244
HOUSEHOLD_1_435,27707.410000000003
HOUSEHOLD_2_480,27661.41999999995
FOODS_3_684,27655.140000000156
HOUSEHOLD_2_373,27643.430000000066
HOUSEHOLD_2_064,27641.409999999843
FOODS_3_046,27630.14000000013
HOBBIES_1_180,27627.92000000002
HOUSEHOLD_1_026,27600.039999999957
HOUSEHOLD_2_398,27575.500000000073
FOODS_3_246,27546.610000000168
FOODS_3_027,27536.05000000003
FOODS_1_203,27486.15000000005
FOODS_1_116,27465.84000000004
FOODS_3_253,27419.040000000146
HOBBIES_1_218,27410.099999999977
FOODS_3_582,27408.43000000013
FOODS_2_186,27404.380000000026
HOBBIES_1_009,27400.759999999944
FOODS_1_021,27400.48000000014
HOUSEHOLD_2_394,27398.24999999997
FOODS_2_043,27383.17000000006
HOBBIES_1_353,27382.000000000036
FOODS_3_057,27359.95000000012
HOUSEHOLD_2_363,27346.560000000038
FOODS_3_264,27342.100000000046
HOUSEHOLD_2_455,27261.759999999987
HOUSEHOLD_2_462,27243.65000000007
FOODS_3_152,27242.060000000012
HOUSEHOLD_2_484,27233.70000000007
FOODS_2_303,27219.07999999997
FOODS_3_159,27206.090000000106
FOODS_3_813,27201.079999999976
HOUSEHOLD_2_133,27171.3500000001
HOUSEHOLD_2_293,27169.09000000008
FOODS_3_055,27168.4100000001
HOUSEHOLD_1_193,27142.719999999998
HOUSEHOLD_2_329,27112.950000000157
HOUSEHOLD_2_096,27086.820000000134
HOUSEHOLD_1_360,27067.65000000014
HOUSEHOLD_2_214,27064.900000000114
FOODS_3_214,27058.78000000005
HOUSEHOLD_2_389,27048.1000000001
FOODS_2_227,27022.50000000006
FOODS_2_127,27006.660000000073
HOUSEHOLD_2_204,26987.140000000043
HOBBIES_1_142,26932.14000000019
HOUSEHOLD_1_152,26919.540000000034
FOODS_2_039,26908.620000000035
HOUSEHOLD_1_135,26897.120000000155
HOUSEHOLD_2_416,26895.35000000002
HOUSEHOLD_2_211,26894.300000000014
FOODS_1_121,26890.699999999964
FOODS_3_104,26829.50000000011
HOBBIES_1_424,26820.289999999924
HOUSEHOLD_2_425,26767.420000000107
HOBBIES_1_168,26763.029999999984
FOODS_2_237,26700.70000000004
FOODS_3_341,26641.11000000008
FOODS_1_146,26620.280000000083
FOODS_1_001,26605.18000000006
FOODS_3_019,26589.670000000173
HOUSEHOLD_2_285,26568.61000000005
HOBBIES_1_126,26399.679999999982
FOODS_2_323,26367.37000000008
FOODS_3_010,26367.039999999874
FOODS_1_011,26364.910000000033
HOBBIES_1_188,26316.18000000006
HOUSEHOLD_2_234,26309.550000000087
HOUSEHOLD_1_015,26302.76000000008
HOUSEHOLD_1_403,26269.690000000046
HOUSEHOLD_1_322,26233.58999999999
HOUSEHOLD_2_473,26218.940000000042
HOUSEHOLD_2_021,26185.43000000011
FOODS_1_049,26107.170000000046
HOUSEHOLD_1_525,26104.18000000011
HOUSEHOLD_1_037,26070.000000000116
FOODS_3_438,26060.12
HOUSEHOLD_2_260,26042.520000000073
FOODS_1_141,26025.179999999862
HOUSEHOLD_2_237,26015.530000000115
HOUSEHOLD_2_043,26011.320000000036
HOUSEHOLD_1_380,25962.17000000001
HOUSEHOLD_1_099,25906.679999999855
FOODS_2_281,25906.380000000034
FOODS_3_221,25835.240000000056
HOBBIES_1_063,25809.860000000102
HOUSEHOLD_2_479,25778.32000000012
FOODS_3_627,25745.290000000154
FOODS_3_130,25741.27000000003
HOBBIES_1_380,25718.669999999922
HOUSEHOLD_1_398,25693.479999999854
HOUSEHOLD_2_312,25677.960000000086
FOODS_1_097,25675.02000000017
HOBBIES_1_199,25614.420000000013
HOUSEHOLD_2_377,25551.7700000001
FOODS_2_200,25530.300000000047
HOUSEHOLD_2_405,25493.690000000053
HOBBIES_1_288,25484.990000000027
HOUSEHOLD_2_361,25447.390000000105
HOBBIES_1_019,25427.520000000066
FOODS_3_431,25420.879999999997
FOODS_3_361,25406.220000000125
HOUSEHOLD_2_061,25397.500000000127
FOODS_3_105,25386.820000000072
FOODS_3_470,25377.24000000008
HOBBIES_1_047,25356.79999999993
FOODS_3_426,25275.770000000095
HOUSEHOLD_2_108,25252.290000000066
HOBBIES_1_169,25232.730000000025
HOUSEHOLD_2_239,25162.080000000133
HOUSEHOLD_2_401,25154.490000000005
HOUSEHOLD_2_182,25145.680000000033
HOUSEHOLD_2_196,25131.169999999893
HOUSEHOLD_1_472,25104.689999999995
HOBBIES_1_362,25093.77000000001
FOODS_3_642,25086.64000000009
HOUSEHOLD_2_093,25073.340000000015
HOUSEHOLD_1_455,25034.130000000107
FOODS_3_763,25029.609999999997
HOBBIES_1_041,25012.320000000065
FOODS_3_344,25004.240000000027
HOUSEHOLD_1_148,24973.649999999994
FOODS_3_680,24967.829999999987
FOODS_2_125,24951.88000000006
FOODS_3_401,24905.820000000127
HOUSEHOLD_2_070,24888.480000000123
HOBBIES_1_216,24888.10999999993
HOUSEHOLD_2_326,24864.84000000012
FOODS_2_145,24857.940000000042
FOODS_2_010,24846.98000000004
FOODS_3_690,24830.240000000027
FOODS_3_001,24804.440000000002
FOODS_3_440,24793.280000000042
FOODS_3_205,24781.879999999954
HOUSEHOLD_2_069,24770.319999999956
FOODS_3_123,24764.589999999997
FOODS_1_176,24691.000000000044
FOODS_1_211,24685.45
HOBBIES_1_358,24644.33000000006
FOODS_3_622,24638.80999999996
HOBBIES_1_383,24620.25000000009
HOUSEHOLD_2_374,24609.19000000009
HOUSEHOLD_2_442,24597.60000000017
HOUSEHOLD_2_357,24595.69000000005
FOODS_1_132,24566.320000000014
FOODS_2_006,24532.36000000003
HOUSEHOLD_2_158,24505.610000000048
FOODS_3_751,24499.660000000054
FOODS_2_320,24491.299999999985
HOUSEHOLD_1_120,24490.230000000127
FOODS_2_331,24488.74000000005
HOUSEHOLD_2_252,24476.650000000067
FOODS_2_195,24458.2700000001
HOUSEHOLD_1_190,24425.600000000093
FOODS_2_308,24372.199999999986
HOUSEHOLD_2_058,24346.74000000005
FOODS_3_568,24329.87
HOUSEHOLD_2_111,24328.960000000072
HOUSEHOLD_1_480,24317.310000000056
FOODS_3_075,24310.600000000086
HOBBIES_1_007,24264.060000000078
FOODS_3_479,24257.75
FOODS_3_519,24218.440000000002
FOODS_2_300,24198.15000000002
HOUSEHOLD_2_153,24180.18000000005
FOODS_3_049,24179.79999999999
HOUSEHOLD_1_261,24179.07000000008
FOODS_1_030,24093.20000000005
FOODS_3_354,24076.99000000008
HOUSEHOLD_1_035,24076.08000000009
FOODS_3_482,24057.630000000077
HOBBIES_1_369,24056.300000000025
HOUSEHOLD_2_265,24050.55000000009
FOODS_3_552,24042.05000000009
FOODS_2_253,24027.640000000014
HOUSEHOLD_2_332,24027.61000000003
HOUSEHOLD_2_188,23999.73000000002
FOODS_3_733,23999.420000000104
HOUSEHOLD_2_481,23996.890000000058
FOODS_2_358,23995.640000000025
FOODS_3_784,23932.760000000042
FOODS_1_073,23890.379999999946
HOUSEHOLD_1_227,23884.770000000055
FOODS_2_190,23860.63000000003
FOODS_3_554,23831.110000000066
HOUSEHOLD_2_102,23753.080000000078
HOUSEHOLD_2_156,23731.880000000037
FOODS_2_230,23722.32
HOBBIES_1_111,23604.069999999974
FOODS_2_286,23597.740000000016
FOODS_3_648,23591.0
HOUSEHOLD_2_189,23583.44000000002
HOBBIES_2_115,23571.900000000136
FOODS_1_035,23555.99000000001
HOBBIES_1_400,23532.920000000042
FOODS_3_451,23514.68000000008
FOODS_3_262,23511.23999999998
HOUSEHOLD_1_239,23465.820000000094
FOODS_3_179,23439.150000000063
HOUSEHOLD_2_041,23431.25000000008
FOODS_3_050,23428.199999999986
HOBBIES_1_240,23416.090000000113
FOODS_3_084,23404.68000000011
HOUSEHOLD_1_133,23372.019999999935
FOODS_1_135,23294.790000000037
FOODS_3_382,23294.440000000028
HOBBIES_1_419,23262.200000000048
FOODS_3_550,23261.020000000084
FOODS_1_102,23252.979999999807
HOUSEHOLD_1_245,23211.360000000033
HOBBIES_1_340,23204.240000000034
FOODS_2_271,23202.990000000034
HOBBIES_1_152,23181.17999999997
FOODS_1_066,23093.339999999956
FOODS_2_120,23078.560000000118
FOODS_1_125,23052.619999999963
HOUSEHOLD_1_509,22979.560000000005
HOBBIES_2_078,22965.790000000048
FOODS_3_408,22948.140000000076
FOODS_3_060,22928.92000000008
HOUSEHOLD_2_013,22925.940000000104
HOUSEHOLD_1_010,22911.679999999997
FOODS_3_189,22885.379999999983
FOODS_3_433,22857.06
FOODS_2_193,22856.710000000032
HOUSEHOLD_2_435,22772.000000000073
HOUSEHOLD_2_068,22766.400000000096
HOUSEHOLD_1_189,22727.990000000063
HOUSEHOLD_1_340,22719.170000000056
FOODS_3_643,22715.840000000073
FOODS_2_249,22711.37999999997
FOODS_3_430,22672.68000000004
HOUSEHOLD_2_339,22644.84000000007
FOODS_2_350,22618.990000000023
HOBBIES_1_220,22588.15000000001
FOODS_2_105,22534.78000000005
HOUSEHOLD_2_229,22509.89999999993
FOODS_1_169,22501.780000000057
FOODS_2_329,22474.10000000003
FOODS_3_078,22452.4000000001
FOODS_2_335,22445.62999999999
FOODS_3_486,22430.100000000075
FOODS_3_658,22400.059999999903
FOODS_3_106,22327.0
FOODS_1_101,22293.23000000005
FOODS_3_773,22287.560000000045
HOUSEHOLD_2_031,22280.940000000093
HOUSEHOLD_2_513,22273.35999999991
FOODS_3_762,22242.03999999997
HOUSEHOLD_2_451,22230.0
HOUSEHOLD_2_125,22217.71000000005
HOUSEHOLD_2_179,22213.24000000007
FOODS_2_202,22130.61000000009
FOODS_3_650,22086.320000000076
FOODS_2_001,22075.07999999995
FOODS_3_058,22015.620000000094
HOUSEHOLD_2_475,21970.870000000075
FOODS_2_180,21955.390000000047
HOUSEHOLD_1_195,21910.480000000076
FOODS_3_024,21868.04000000001
HOUSEHOLD_1_320,21867.290000000085
FOODS_2_011,21800.48000000001
HOUSEHOLD_2_148,21767.650000000096
HOBBIES_1_030,21766.80000000005
FOODS_2_012,21760.309999999998
FOODS_3_044,21749.920000000053
HOUSEHOLD_2_100,21727.610000000026
FOODS_2_124,21725.929999999986
FOODS_2_177,21721.030000000006
FOODS_1_119,21715.569999999912
FOODS_3_008,21703.25000000003
FOODS_1_190,21694.28000000013
FOODS_2_205,21682.090000000033
FOODS_3_780,21637.88000000004
HOUSEHOLD_2_433,21560.559999999976
FOODS_3_824,21542.56999999998
FOODS_3_717,21513.38000000012
HOUSEHOLD_1_444,21512.54000000004
FOODS_2_179,21504.760000000028
FOODS_3_465,21480.44000000006
HOBBIES_1_080,21475.140000000025
HOBBIES_1_090,21443.34000000002
FOODS_2_284,21443.09000000012
HOUSEHOLD_1_311,21391.180000000077
HOUSEHOLD_2_303,21333.50000000007
FOODS_3_345,21257.489999999987
FOODS_1_071,21226.460000000014
HOUSEHOLD_1_507,21222.649999999983
FOODS_3_297,21205.120000000054
HOUSEHOLD_2_231,21204.9100000001
HOBBIES_1_072,21187.350000000162
HOUSEHOLD_1_159,21173.099999999995
FOODS_1_134,21156.300000000087
HOUSEHOLD_2_028,21114.82000000009
HOUSEHOLD_2_095,21065.200000000063
HOUSEHOLD_2_022,21036.07000000003
HOUSEHOLD_2_074,21031.54000000022
FOODS_2_379,21030.74000000002
HOBBIES_1_334,20989.800000000032
HOUSEHOLD_2_471,20969.9400000001
HOUSEHOLD_2_298,20886.299999999992
FOODS_2_394,20868.41000000001
HOUSEHOLD_1_279,20851.570000000145
HOUSEHOLD_1_022,20836.19999999998
FOODS_2_163,20832.910000000014
HOUSEHOLD_2_296,20823.589999999942
HOUSEHOLD_1_154,20813.520000000048
FOODS_1_198,20775.300000000007
HOUSEHOLD_2_417,20734.420000000093
HOUSEHOLD_1_378,20715.470000000005
HOBBIES_2_024,20701.799999999956
FOODS_3_243,20637.72000000003
FOODS_3_454,20599.31000000002
FOODS_2_354,20599.010000000017
HOUSEHOLD_2_184,20576.71000000009
FOODS_3_538,20570.70000000008
HOUSEHOLD_1_076,20552.690000000064
FOODS_3_749,20551.920000000064
HOUSEHOLD_2_046,20540.990000000067
HOUSEHOLD_2_470,20525.43000000025
FOODS_2_129,20498.18000000001
FOODS_3_061,20474.45000000007
FOODS_2_097,20454.620000000006
FOODS_3_153,20364.860000000062
FOODS_3_040,20320.839999999982
HOBBIES_1_002,20303.580000000093
HOBBIES_1_395,20288.91000000003
HOBBIES_1_186,20237.71
FOODS_3_197,20221.960000000086
HOUSEHOLD_2_010,20196.150000000052
FOODS_2_121,20181.169999999955
HOBBIES_1_289,20163.290000000063
FOODS_1_145,20161.540000000135
FOODS_3_293,20100.04000000005
FOODS_3_579,20098.19000000006
HOUSEHOLD_1_530,20097.500000000146
HOUSEHOLD_2_342,20080.94000000012
FOODS_3_419,20072.86000000001
FOODS_3_312,20034.87000000003
HOUSEHOLD_1_020,20024.81000000004
HOUSEHOLD_2_300,19966.880000000045
FOODS_3_340,19965.52000000004
FOODS_2_113,19964.340000000007
HOUSEHOLD_2_079,19955.080000000078
FOODS_1_188,19910.400000000052
HOUSEHOLD_1_330,19907.65999999999
FOODS_3_004,19906.390000000025
HOUSEHOLD_1_363,19898.740000000107
HOUSEHOLD_2_345,19896.87999999998
HOBBIES_1_165,19843.230000000072
HOUSEHOLD_2_249,19791.45000000002
HOUSEHOLD_2_168,19785.270000000073
HOUSEHOLD_2_359,19728.19000000004
FOODS_2_223,19703.869999999995
HOUSEHOLD_2_073,19700.830000000016
HOUSEHOLD_2_164,19698.200000000037
FOODS_3_251,19683.700000000063
FOODS_1_163,19657.200000000077
HOBBIES_1_214,19591.220000000023
HOBBIES_1_061,19589.65
HOUSEHOLD_2_482,19529.66000000005
FOODS_2_235,19513.219999999987
FOODS_2_296,19511.240000000038
FOODS_3_070,19501.22000000001
FOODS_3_747,19479.5
FOODS_2_336,19411.01000000001
HOBBIES_1_056,19385.620000000108
FOODS_2_238,19376.119999999948
HOBBIES_1_038,19348.020000000102
FOODS_2_213,19346.41000000004
HOUSEHOLD_2_056,19345.880000000052
HOUSEHOLD_2_283,19314.02000000002
HOBBIES_1_279,19309.159999999963
FOODS_3_445,19249.420000000053
HOUSEHOLD_1_312,19219.289999999968
FOODS_3_531,19183.14000000006
HOUSEHOLD_2_032,19143.190000000013
FOODS_3_816,19139.83000000002
FOODS_3_583,19089.25000000002
FOODS_1_109,19038.700000000055
FOODS_1_202,18990.88000000012
HOUSEHOLD_2_015,18973.280000000093
HOUSEHOLD_1_296,18973.140000000054
HOUSEHOLD_1_144,18961.880000000067
HOBBIES_1_114,18920.43000000006
FOODS_1_212,18900.07000000002
FOODS_2_132,18879.450000000008
HOUSEHOLD_2_126,18834.380000000045
HOBBIES_1_418,18819.12000000005
HOUSEHOLD_1_337,18816.950000000063
FOODS_2_188,18809.61000000001
HOUSEHOLD_2_379,18800.990000000093
FOODS_1_029,18785.830000000005
FOODS_2_328,18758.479999999996
FOODS_3_691,18737.400000000023
FOODS_1_105,18733.56000000002
FOODS_3_373,18727.100000000057
FOODS_3_564,18721.200000000048
FOODS_2_290,18711.890000000003
HOBBIES_2_089,18676.3600000001
FOODS_3_204,18641.760000000057
FOODS_2_027,18630.050000000032
FOODS_3_216,18612.089999999982
FOODS_3_068,18570.93000000001
FOODS_3_170,18549.140000000076
HOBBIES_1_139,18506.080000000013
HOBBIES_1_208,18501.660000000036
FOODS_2_172,18485.480000000018
FOODS_3_518,18473.470000000016
HOUSEHOLD_1_314,18457.740000000027
FOODS_2_239,18434.65000000001
HOBBIES_1_271,18417.839999999967
HOUSEHOLD_2_014,18368.560000000056
FOODS_2_148,18345.439999999988
FOODS_3_157,18331.650000000027
HOUSEHOLD_1_187,18324.66000000003
HOUSEHOLD_2_048,18323.260000000086
HOBBIES_1_385,18307.160000000025
FOODS_3_223,18269.46000000007
HOUSEHOLD_2_009,18234.400000000038
FOODS_3_374,18222.36
HOBBIES_1_333,18219.900000000063
FOODS_3_527,18210.890000000036
FOODS_3_623,18177.340000000055
HOUSEHOLD_2_114,18165.310000000056
HOUSEHOLD_2_150,18163.820000000043
HOUSEHOLD_2_351,18161.64000000007
HOBBIES_2_120,18148.39000000009
HOUSEHOLD_2_371,18118.619999999853
FOODS_3_018,18056.359999999986
FOODS_2_319,18033.67000000001
FOODS_1_068,18022.820000000014
HOUSEHOLD_1_493,18020.380000000037
HOBBIES_1_176,17994.91000000006
FOODS_2_260,17983.469999999994
HOBBIES_1_408,17975.420000000016
HOBBIES_1_234,17967.6
FOODS_1_156,17949.54000000004
FOODS_1_148,17925.059999999998
FOODS_1_017,17892.23000000004
FOODS_2_110,17868.509999999984
FOODS_1_009,17861.02000000004
HOBBIES_2_117,17852.880000000023
HOUSEHOLD_2_213,17838.99000000008
HOBBIES_1_352,17813.620000000017
HOBBIES_1_292,17772.580000000013
FOODS_1_155,17763.480000000105
FOODS_3_149,17731.57
HOBBIES_1_382,17722.120000000134
HOUSEHOLD_2_410,17711.460000000025
FOODS_3_599,17677.50000000003
HOUSEHOLD_1_201,17670.839999999982
FOODS_3_553,17664.709999999977
HOUSEHOLD_2_187,17594.610000000015
HOUSEHOLD_2_091,17563.410000000036
FOODS_3_637,17528.760000000053
FOODS_3_539,17510.619999999977
FOODS_3_608,17481.300000000054
HOUSEHOLD_2_034,17416.510000000002
HOUSEHOLD_2_506,17405.05000000004
HOUSEHOLD_2_272,17379.70000000005
FOODS_3_707,17369.319999999952
HOBBIES_2_076,17366.370000000014
FOODS_3_145,17356.559999999983
FOODS_3_667,17343.530000000068
HOUSEHOLD_2_407,17326.760000000075
HOUSEHOLD_1_052,17311.22000000005
HOUSEHOLD_2_434,17290.36
HOBBIES_1_326,17289.120000000123
HOUSEHOLD_2_323,17269.500000000062
HOUSEHOLD_1_297,17264.610000000033
HOBBIES_1_406,17231.080000000016
FOODS_1_078,17225.050000000047
FOODS_2_133,17216.599999999995
HOUSEHOLD_2_112,17211.45000000007
HOUSEHOLD_1_244,17140.900000000023
FOODS_3_600,17101.179999999982
FOODS_3_056,17091.120000000043
HOUSEHOLD_2_080,17078.960000000017
HOUSEHOLD_1_367,17051.15000000007
FOODS_3_190,17030.0
FOODS_2_278,16998.970000000012
HOBBIES_1_239,16964.640000000083
HOUSEHOLD_2_038,16952.76000000006
HOUSEHOLD_2_287,16947.140000000094
HOUSEHOLD_2_127,16928.300000000032
HOBBIES_1_185,16921.500000000033
FOODS_2_091,16903.120000000006
FOODS_3_416,16895.919999999962
FOODS_2_050,16803.0
HOUSEHOLD_2_420,16784.62999999999
HOBBIES_1_191,16783.90000000003
FOODS_3_111,16762.68000000003
FOODS_3_630,16761.759999999973
HOUSEHOLD_1_504,16747.640000000018
FOODS_2_366,16738.06999999999
FOODS_2_123,16693.950000000073
HOBBIES_1_044,16674.3700000001
FOODS_2_292,16626.45999999999
HOUSEHOLD_1_382,16596.119999999948
HOBBIES_1_265,16590.630000000063
HOUSEHOLD_2_499,16553.91000000005
FOODS_3_478,16546.840000000044
HOUSEHOLD_2_106,16508.16000000004
HOUSEHOLD_2_105,16497.19000000005
HOBBIES_1_283,16445.16000000001
FOODS_3_390,16432.85999999992
FOODS_2_337,16417.320000000018
FOODS_3_119,16392.399999999958
FOODS_3_323,16387.360000000055
HOBBIES_2_022,16386.090000000055
FOODS_2_386,16354.949999999992
FOODS_3_720,16352.439999999977
HOUSEHOLD_1_172,16348.680000000022
HOBBIES_2_070,16343.220000000027
HOUSEHOLD_1_237,16322.000000000004
HOBBIES_2_128,16315.310000000045
FOODS_2_269,16313.660000000005
FOODS_3_172,16304.799999999947
HOUSEHOLD_2_494,16239.560000000052
HOUSEHOLD_1_454,16207.290000000079
HOBBIES_1_412,16193.400000000047
FOODS_2_187,16182.160000000003
HOUSEHOLD_2_210,16158.040000000017
HOBBIES_1_088,16157.590000000038
HOBBIES_1_125,16157.140000000014
FOODS_3_425,16145.32000000005
HOBBIES_1_363,16111.050000000001
FOODS_3_826,16060.879999999901
HOBBIES_1_368,15995.900000000063
HOBBIES_1_290,15965.710000000005
FOODS_3_709,15945.469999999988
HOUSEHOLD_2_474,15920.73000000003
HOBBIES_1_207,15915.74999999993
HOBBIES_1_092,15904.919999999987
HOUSEHOLD_2_386,15864.120000000059
HOUSEHOLD_1_064,15845.97999999996
HOBBIES_1_018,15823.57
HOBBIES_1_051,15823.080000000029
FOODS_3_575,15805.880000000003
FOODS_1_022,15805.629999999996
HOUSEHOLD_1_163,15805.340000000017
FOODS_2_090,15794.58000000001
FOODS_3_114,15792.679999999982
HOBBIES_1_285,15786.880000000001
HOUSEHOLD_1_433,15784.820000000029
HOUSEHOLD_2_372,15734.040000000015
HOUSEHOLD_1_500,15730.42000000005
HOBBIES_1_138,15717.240000000002
FOODS_1_033,15705.439999999999
FOODS_3_803,15696.02
HOUSEHOLD_2_104,15681.89000000005
FOODS_3_447,15642.660000000047
HOBBIES_1_293,15636.79999999996
FOODS_2_084,15605.460000000056
FOODS_2_203,15559.520000000015
FOODS_2_363,15510.9
HOUSEHOLD_2_322,15488.940000000084
HOUSEHOLD_2_099,15485.580000000045
FOODS_2_377,15449.430000000006
FOODS_3_268,15441.859999999948
FOODS_3_085,15439.380000000041
FOODS_3_072,15421.440000000002
FOODS_2_068,15357.85000000002
FOODS_3_698,15351.0
HOUSEHOLD_2_343,15345.599999999939
HOUSEHOLD_2_516,15331.37000000005
HOUSEHOLD_1_476,15313.759999999993
HOUSEHOLD_1_496,15313.57999999999
HOBBIES_2_145,15258.90999999999
FOODS_3_603,15185.6
FOODS_3_275,15172.419999999993
HOUSEHOLD_1_264,15167.070000000034
HOUSEHOLD_2_460,15133.190000000048
HOBBIES_1_167,15132.019999999968
HOUSEHOLD_1_024,15092.490000000069
FOODS_3_802,15069.599999999933
HOBBIES_1_402,15059.80000000003
FOODS_3_161,15010.230000000061
FOODS_2_265,14996.19999999999
HOUSEHOLD_2_170,14984.36000000013
HOBBIES_2_113,14919.40000000003
FOODS_3_484,14891.430000000071
FOODS_3_457,14890.339999999997
HOUSEHOLD_2_271,14856.049999999987
HOUSEHOLD_1_229,14844.180000000022
HOUSEHOLD_2_109,14841.48
HOBBIES_1_149,14840.039999999886
HOUSEHOLD_2_445,14819.260000000038
FOODS_2_214,14816.66
FOODS_3_453,14812.76000000001
FOODS_3_595,14812.50000000004
FOODS_3_235,14789.16000000004
HOUSEHOLD_2_129,14768.100000000022
FOODS_3_641,14752.560000000016
FOODS_3_710,14748.750000000042
FOODS_3_343,14734.729999999983
FOODS_3_193,14693.34
FOODS_3_522,14667.549999999987
FOODS_3_701,14659.700000000044
HOBBIES_2_029,14646.559999999989
HOUSEHOLD_2_113,14637.539999999975
FOODS_2_178,14635.759999999998
HOUSEHOLD_2_317,14629.130000000054
FOODS_2_089,14572.840000000018
HOUSEHOLD_2_387,14572.620000000026
HOBBIES_1_261,14556.630000000025
HOBBIES_2_016,14553.620000000043
HOUSEHOLD_2_424,14546.379999999983
FOODS_2_270,14539.590000000022
FOODS_3_556,14536.890000000003
HOUSEHOLD_1_108,14535.309999999998
FOODS_2_280,14530.350000000042
HOBBIES_1_221,14427.010000000078
HOUSEHOLD_1_200,14417.640000000052
HOBBIES_1_269,14382.50000000001
FOODS_3_777,14320.900000000029
HOUSEHOLD_2_414,14302.119999999995
FOODS_3_309,14269.860000000062
HOUSEHOLD_2_274,14242.72000000001
FOODS_3_529,14204.620000000028
HOUSEHOLD_1_317,14150.580000000004
HOUSEHOLD_2_154,14130.169999999975
HOBBIES_2_072,14124.170000000027
HOUSEHOLD_2_098,14110.090000000051
HOUSEHOLD_2_165,14109.470000000003
HOBBIES_2_083,14106.109999999988
HOUSEHOLD_2_205,14080.470000000005
HOUSEHOLD_1_501,14079.66000000005
HOUSEHOLD_2_063,14047.850000000042
HOBBIES_2_036,14013.360000000048
HOUSEHOLD_2_171,14010.750000000005
HOBBIES_2_103,14010.090000000044
FOODS_3_417,13991.579999999993
FOODS_3_442,13961.920000000038
HOUSEHOLD_1_231,13960.520000000035
FOODS_2_008,13957.259999999998
FOODS_2_355,13947.980000000014
HOBBIES_2_102,13936.380000000032
FOODS_3_375,13922.340000000038
HOBBIES_1_206,13900.159999999994
HOBBIES_1_313,13865.79000000008
HOUSEHOLD_2_382,13860.840000000027
HOBBIES_1_272,13841.600000000031
FOODS_1_111,13795.860000000019
HOBBIES_2_118,13772.870000000043
FOODS_3_122,13709.51
HOBBIES_2_062,13693.279999999995
HOBBIES_2_013,13685.510000000031
FOODS_3_358,13676.159999999989
HOUSEHOLD_2_279,13624.380000000048
HOBBIES_1_250,13615.369999999992
FOODS_3_427,13602.360000000037
FOODS_1_014,13579.860000000062
FOODS_2_254,13574.750000000005
HOUSEHOLD_2_117,13559.090000000062
HOBBIES_1_131,13558.699999999975
HOBBIES_2_088,13549.899999999956
HOUSEHOLD_2_004,13547.219999999983
HOUSEHOLD_2_354,13519.960000000094
HOBBIES_1_375,13499.959999999997
FOODS_1_008,13470.619999999977
HOBBIES_2_039,13451.860000000035
HOUSEHOLD_1_043,13438.690000000035
FOODS_2_221,13393.509999999998
HOBBIES_1_229,13375.680000000024
HOBBIES_1_115,13375.159999999973
HOUSEHOLD_2_456,13323.73000000002
FOODS_3_379,13306.060000000027
HOUSEHOLD_2_400,13304.51999999999
HOBBIES_1_399,13302.380000000085
HOUSEHOLD_2_503,13297.080000000029
HOBBIES_1_006,13272.860000000013
FOODS_2_273,13246.739999999998
HOBBIES_1_190,13235.17000000002
HOUSEHOLD_2_146,13210.30000000003
HOUSEHOLD_1_216,13202.910000000014
HOBBIES_1_315,13169.01000000001
FOODS_3_397,13168.150000000054
HOBBIES_1_053,13167.490000000025
HOUSEHOLD_2_116,13141.969999999983
HOBBIES_2_133,13136.339999999991
FOODS_3_597,13112.969999999981
HOBBIES_2_048,13105.259999999987
HOUSEHOLD_2_291,13061.290000000037
FOODS_2_324,13048.079999999998
FOODS_3_218,13032.00000000001
HOUSEHOLD_2_428,13029.540000000025
FOODS_2_369,13018.030000000006
HOBBIES_1_122,13011.189999999975
FOODS_3_003,12987.420000000004
FOODS_1_052,12947.760000000053
FOODS_3_038,12936.540000000017
FOODS_1_149,12935.020000000051
HOUSEHOLD_2_422,12871.99000000004
HOUSEHOLD_2_360,12871.550000000025
HOUSEHOLD_1_463,12847.300000000027
HOBBIES_1_107,12753.740000000027
FOODS_3_778,12743.639999999972
FOODS_3_669,12721.290000000006
FOODS_2_130,12684.180000000018
FOODS_1_084,12672.949999999999
FOODS_3_016,12641.140000000021
HOBBIES_1_255,12567.06999999998
HOUSEHOLD_2_137,12528.760000000044
HOBBIES_1_411,12510.799999999994
FOODS_3_545,12485.0
FOODS_2_160,12481.539999999986
HOBBIES_2_003,12456.310000000074
FOODS_2_362,12439.720000000014
FOODS_3_437,12393.0
FOODS_2_226,12391.610000000013
HOUSEHOLD_2_264,12371.400000000021
FOODS_2_246,12359.170000000002
FOODS_3_421,12357.840000000024
HOBBIES_2_136,12338.19999999999
HOUSEHOLD_2_327,12321.790000000028
HOUSEHOLD_2_278,12297.810000000009
HOUSEHOLD_1_390,12292.34999999999
HOBBIES_1_316,12244.440000000046
HOBBIES_2_018,12235.40000000001
HOUSEHOLD_2_476,12224.650000000034
FOODS_3_567,12180.160000000034
HOUSEHOLD_1_286,12144.659999999989
FOODS_3_827,12133.0
FOODS_3_188,12032.160000000045
HOUSEHOLD_2_333,12009.13000000002
FOODS_2_040,12008.58
HOUSEHOLD_2_221,11985.789999999979
HOUSEHOLD_2_215,11935.700000000003
HOBBIES_1_389,11921.490000000018
HOBBIES_1_391,11912.84999999999
HOUSEHOLD_2_020,11866.470000000018
FOODS_3_670,11844.700000000043
FOODS_3_621,11843.4
HOBBIES_1_322,11837.540000000045
HOUSEHOLD_2_024,11820.780000000048
FOODS_2_390,11803.400000000003
FOODS_2_114,11768.250000000004
HOUSEHOLD_2_224,11767.080000000038
FOODS_2_215,11765.299999999994
FOODS_3_640,11761.48
FOODS_1_039,11732.340000000026
HOUSEHOLD_2_167,11695.679999999988
HOUSEHOLD_1_308,11664.560000000016
HOUSEHOLD_2_340,11636.620000000017
HOUSEHOLD_2_280,11587.770000000028
FOODS_3_315,11539.620000000028
HOUSEHOLD_2_072,11535.180000000015
HOUSEHOLD_2_290,11519.040000000014
HOUSEHOLD_2_016,11510.980000000023
HOUSEHOLD_2_319,11501.82000000003
FOODS_3_602,11461.160000000002
HOBBIES_1_346,11458.240000000023
HOBBIES_1_045,11447.560000000007
HOBBIES_2_096,11398.269999999971
HOUSEHOLD_2_253,11377.890000000027
FOODS_1_122,11363.220000000023
HOBBIES_2_139,11355.950000000032
HOUSEHOLD_2_404,11321.64000000004
HOUSEHOLD_2_302,11309.190000000031
HOBBIES_1_205,11289.599999999993
HOUSEHOLD_2_180,11274.799999999994
FOODS_3_703,11258.280000000019
HOBBIES_1_036,11230.130000000025
HOBBIES_2_116,11190.190000000046
HOUSEHOLD_2_007,11186.88000000002
FOODS_3_662,11180.789999999999
FOODS_1_079,11105.37
FOODS_2_158,11097.759999999977
HOBBIES_1_082,11080.819999999963
FOODS_3_036,11046.159999999987
HOBBIES_1_224,11034.510000000038
FOODS_3_758,11014.71
HOBBIES_1_110,11009.999999999985
HOUSEHOLD_2_463,11002.620000000023
HOUSEHOLD_2_362,11000.420000000016
HOBBIES_2_110,10987.830000000016
FOODS_3_137,10970.079999999993
FOODS_3_815,10966.780000000013
HOUSEHOLD_2_304,10917.91000000002
FOODS_3_806,10917.429999999993
FOODS_1_189,10907.840000000018
HOUSEHOLD_2_487,10892.220000000008
HOUSEHOLD_2_225,10843.900000000034
FOODS_2_268,10842.259999999993
HOUSEHOLD_2_206,10816.41
FOODS_2_015,10799.840000000006
HOUSEHOLD_2_161,10793.510000000015
FOODS_2_046,10777.960000000012
HOUSEHOLD_2_277,10751.240000000009
FOODS_2_310,10745.340000000018
HOBBIES_1_119,10740.25999999998
FOODS_3_549,10736.019999999995
HOBBIES_1_171,10714.279999999992
FOODS_1_089,10696.260000000017
FOODS_3_210,10636.619999999979
FOODS_2_096,10633.560000000001
FOODS_3_143,10630.20999999999
HOUSEHOLD_2_502,10618.910000000013
HOUSEHOLD_1_253,10609.690000000024
HOBBIES_1_318,10601.959999999992
HOBBIES_1_106,10573.730000000016
HOBBIES_2_074,10552.490000000033
HOUSEHOLD_1_402,10536.350000000019
HOUSEHOLD_1_242,10534.709999999992
FOODS_2_165,10514.14000000002
HOBBIES_2_092,10511.550000000025
HOUSEHOLD_2_352,10453.40000000004
FOODS_1_118,10446.800000000025
FOODS_3_713,10438.880000000016
HOUSEHOLD_2_085,10410.370000000012
HOUSEHOLD_2_267,10406.120000000014
HOUSEHOLD_2_334,10340.82000000002
HOUSEHOLD_2_092,10329.520000000015
HOUSEHOLD_2_478,10328.190000000015
HOUSEHOLD_2_364,10323.819999999992
HOUSEHOLD_1_065,10319.40000000003
HOBBIES_2_069,10249.930000000035
HOBBIES_1_039,10223.429999999995
HOUSEHOLD_2_202,10193.960000000015
HOBBIES_1_365,10190.990000000034
HOUSEHOLD_2_441,10178.740000000016
HOUSEHOLD_2_276,10174.200000000023
FOODS_3_619,10168.029999999999
FOODS_3_209,10160.940000000013
FOODS_3_165,10123.399999999994
HOUSEHOLD_1_139,10109.400000000012
HOBBIES_1_304,10085.100000000017
FOODS_3_380,10078.940000000035
HOUSEHOLD_1_271,10076.440000000019
HOBBIES_1_366,10067.920000000033
HOBBIES_1_325,10033.300000000012
FOODS_3_436,10032.27
HOUSEHOLD_1_405,10018.760000000015
FOODS_3_696,10015.539999999999
FOODS_3_576,10001.5
FOODS_3_722,9986.159999999994
HOUSEHOLD_2_430,9902.380000000026
HOBBIES_1_102,9855.420000000013
FOODS_3_033,9850.5
HOUSEHOLD_2_429,9822.06000000001
HOUSEHOLD_2_081,9778.85
HOUSEHOLD_2_023,9746.35000000002
HOUSEHOLD_2_263,9725.66000000002
FOODS_3_270,9721.300000000016
HOBBIES_1_284,9709.939999999995
HOUSEHOLD_1_388,9695.76000000002
HOBBIES_2_140,9686.870000000032
HOUSEHOLD_2_138,9604.10000000002
FOODS_2_395,9563.64000000001
HOUSEHOLD_2_144,9556.750000000013
FOODS_3_743,9548.980000000012
HOUSEHOLD_2_393,9493.209999999997
HOUSEHOLD_2_169,9489.999999999993
HOUSEHOLD_2_066,9486.980000000012
FOODS_3_613,9480.27999999999
HOUSEHOLD_2_338,9456.239999999994
HOUSEHOLD_2_186,9451.060000000005
HOBBIES_2_020,9449.139999999994
HOUSEHOLD_1_526,9400.820000000007
HOBBIES_2_044,9398.910000000027
FOODS_3_779,9368.320000000009
HOUSEHOLD_1_274,9362.40000000001
HOUSEHOLD_2_018,9348.640000000007
HOBBIES_1_263,9343.330000000024
FOODS_2_393,9288.800000000007
FOODS_2_159,9266.51000000002
FOODS_3_745,9247.939999999995
HOUSEHOLD_1_209,9241.270000000022
HOBBIES_1_245,9174.660000000022
FOODS_2_147,9174.239999999987
HOUSEHOLD_2_174,9166.730000000027
HOBBIES_1_422,9162.68
HOBBIES_1_070,9083.599999999995
HOBBIES_2_077,9045.580000000009
HOBBIES_2_008,9023.739999999994
HOBBIES_2_046,9014.380000000034
HOBBIES_2_001,9000.770000000019
FOODS_2_185,9000.220000000003
HOBBIES_1_127,8997.360000000013
HOBBIES_1_305,8980.230000000012
HOUSEHOLD_2_432,8974.240000000018
FOODS_1_057,8965.800000000016
HOBBIES_1_307,8932.50000000003
FOODS_3_180,8919.400000000014
FOODS_1_070,8903.920000000016
HOBBIES_1_013,8888.640000000045
HOUSEHOLD_2_313,8862.800000000027
HOUSEHOLD_2_498,8851.700000000004
FOODS_2_259,8830.329999999994
HOBBIES_2_006,8826.810000000027
HOBBIES_1_156,8820.789999999983
HOBBIES_1_314,8817.370000000024
HOUSEHOLD_1_466,8794.079999999996
HOBBIES_1_162,8785.85000000001
FOODS_3_626,8731.62000000001
FOODS_3_548,8726.300000000001
HOUSEHOLD_2_094,8711.160000000005
FOODS_3_047,8709.0
HOUSEHOLD_2_310,8689.949999999993
FOODS_2_007,8643.210000000003
HOBBIES_2_054,8633.550000000021
HOBBIES_1_227,8632.520000000031
FOODS_2_168,8626.480000000005
FOODS_3_364,8614.31999999998
HOUSEHOLD_1_116,8596.060000000016
FOODS_3_409,8592.709999999977
HOBBIES_2_134,8580.54000000002
FOODS_2_023,8563.639999999987
FOODS_2_057,8528.660000000009
FOODS_1_077,8521.399999999987
HOBBIES_2_146,8399.110000000032
HOUSEHOLD_2_087,8389.640000000003
HOBBIES_1_294,8373.039999999994
FOODS_1_179,8370.040000000005
FOODS_3_443,8349.939999999999
FOODS_3_647,8334.099999999995
HOUSEHOLD_2_413,8313.120000000003
HOUSEHOLD_2_227,8310.910000000009
FOODS_3_735,8230.0
HOUSEHOLD_2_396,8227.280000000004
HOUSEHOLD_2_120,8225.840000000004
FOODS_3_278,8214.25
FOODS_1_131,8212.079999999996
FOODS_2_017,8163.159999999996
FOODS_3_337,8137.160000000008
FOODS_2_155,8085.0999999999985
HOBBIES_2_004,8071.990000000026
FOODS_3_736,8043.600000000016
HOUSEHOLD_2_254,8019.88
HOUSEHOLD_2_399,7999.319999999997
HOUSEHOLD_2_053,7998.110000000034
HOBBIES_2_032,7922.810000000036
HOBBIES_2_066,7921.180000000017
FOODS_3_471,7909.5
FOODS_3_796,7907.800000000007
HOUSEHOLD_2_134,7877.540000000003
HOBBIES_1_230,7854.690000000009
HOUSEHOLD_2_194,7854.309999999995
HOBBIES_1_252,7799.700000000008
HOBBIES_1_145,7776.179999999981
FOODS_1_126,7742.100000000015
HOUSEHOLD_2_464,7730.889999999991
FOODS_3_240,7689.76
HOBBIES_1_174,7671.359999999993
HOUSEHOLD_1_208,7645.280000000014
FOODS_3_164,7604.4
HOBBIES_2_105,7599.450000000012
HOUSEHOLD_2_306,7565.759999999994
HOUSEHOLD_2_258,7539.870000000008
HOUSEHOLD_2_097,7519.760000000005
FOODS_3_521,7486.840000000006
HOUSEHOLD_2_040,7455.6600000000135
FOODS_3_510,7454.440000000005
HOBBIES_2_061,7413.110000000026
HOBBIES_2_002,7338.600000000029
FOODS_2_277,7336.139999999989
HOUSEHOLD_2_397,7309.760000000004
FOODS_3_563,7284.959999999991
FOODS_3_009,7284.879999999984
HOUSEHOLD_2_436,7253.640000000026
HOBBIES_1_212,7217.140000000009
HOBBIES_2_031,7211.860000000007
FOODS_1_056,7206.150000000012
FOODS_3_359,7175.9599999999855
FOODS_2_341,7159.820000000001
HOUSEHOLD_2_141,7116.400000000006
HOUSEHOLD_2_008,7092.800000000007
HOUSEHOLD_1_266,7079.76
HOBBIES_1_065,7007.679999999997
FOODS_3_633,6982.479999999995
HOBBIES_2_137,6912.160000000019
FOODS_3_166,6893.0
HOBBIES_2_043,6858.870000000016
FOODS_3_798,6838.920000000005
HOUSEHOLD_2_412,6785.639999999998
FOODS_3_371,6776.75
FOODS_2_073,6709.700000000003
HOBBIES_2_007,6706.540000000032
HOBBIES_2_005,6687.120000000013
HOUSEHOLD_2_060,6668.450000000001
FOODS_3_799,6660.2200000000075
FOODS_3_338,6620.640000000008
FOODS_2_287,6607.77
HOBBIES_2_019,6601.620000000004
FOODS_3_693,6590.8600000000015
HOUSEHOLD_1_036,6529.200000000003
FOODS_3_088,6513.959999999991
HOUSEHOLD_1_054,6495.44
HOUSEHOLD_2_130,6479.610000000007
HOBBIES_2_093,6469.480000000015
HOUSEHOLD_2_065,6464.95000000001
FOODS_3_790,6452.420000000009
HOBBIES_2_068,6430.090000000018
HOUSEHOLD_2_121,6366.680000000019
HOBBIES_1_035,6247.630000000006
HOBBIES_2_104,6246.880000000014
HOUSEHOLD_2_458,6244.520000000001
HOBBIES_2_051,6191.720000000018
FOODS_3_466,6148.279999999993
HOBBIES_2_080,6138.3200000000115
HOUSEHOLD_2_496,6136.0800000000045
HOUSEHOLD_2_103,6115.810000000015
FOODS_3_017,6104.620000000014
FOODS_3_284,6088.520000000002
HOUSEHOLD_2_216,6064.5599999999995
HOUSEHOLD_2_177,6064.300000000001
HOBBIES_1_136,6060.959999999996
FOODS_3_350,6057.660000000001
HOUSEHOLD_2_469,6048.900000000011
HOUSEHOLD_1_057,6012.179999999999
HOUSEHOLD_2_026,5971.880000000009
FOODS_3_737,5971.680000000002
HOBBIES_2_028,5958.989999999987
HOBBIES_1_217,5860.830000000009
HOBBIES_2_085,5849.5400000000145
FOODS_3_507,5842.980000000003
FOODS_1_060,5841.360000000012
HOUSEHOLD_1_300,5820.849999999996
HOUSEHOLD_2_006,5778.140000000001
HOBBIES_2_112,5758.620000000011
HOBBIES_2_049,5757.4200000000055
FOODS_3_366,5707.200000000007
HOUSEHOLD_2_157,5672.390000000006
HOBBIES_2_142,5670.389999999996
HOUSEHOLD_2_190,5633.599999999999
HOUSEHOLD_2_381,5629.119999999999
HOUSEHOLD_2_017,5594.8800000000065
HOUSEHOLD_2_027,5581.310000000008
HOUSEHOLD_2_318,5573.8800000000065
HOUSEHOLD_2_419,5569.430000000006
FOODS_2_252,5562.85
FOODS_3_255,5548.120000000001
FOODS_3_256,5536.4400000000005
HOUSEHOLD_2_151,5531.769999999997
FOODS_2_071,5505.920000000001
HOUSEHOLD_1_199,5485.379999999997
HOBBIES_1_140,5454.880000000004
HOUSEHOLD_2_057,5432.210000000004
FOODS_3_517,5410.439999999995
HOBBIES_1_052,5408.599999999998
HOUSEHOLD_1_250,5397.520000000009
HOBBIES_2_091,5385.440000000007
HOBBIES_2_052,5327.32000000001
HOBBIES_1_011,5320.920000000001
HOBBIES_2_050,5320.290000000012
HOBBIES_1_223,5275.320000000004
HOUSEHOLD_2_415,5259.739999999999
FOODS_3_500,5237.93
HOBBIES_1_267,5166.719999999995
HOUSEHOLD_1_502,5165.670000000002
HOBBIES_2_035,5159.350000000005
HOBBIES_1_175,5132.37000000001
HOUSEHOLD_1_423,5125.1399999999985
HOBBIES_2_056,5123.830000000001
HOUSEHOLD_2_162,5113.060000000005
HOUSEHOLD_2_358,5111.800000000005
HOBBIES_2_059,5000.1299999999965
HOUSEHOLD_2_365,4991.750000000004
HOBBIES_2_045,4983.190000000007
HOUSEHOLD_2_307,4969.380000000001
HOUSEHOLD_2_243,4929.050000000005
FOODS_1_160,4912.320000000005
HOUSEHOLD_2_286,4892.03999999999
HOUSEHOLD_2_448,4882.520000000003
HOBBIES_2_100,4874.139999999985
FOODS_2_094,4844.499999999996
HOBBIES_2_081,4840.820000000004
HOBBIES_2_084,4829.720000000003
HOBBIES_2_057,4829.130000000004
HOUSEHOLD_2_493,4828.659999999995
HOBBIES_2_034,4745.3
HOUSEHOLD_2_418,4739.899999999994
HOUSEHOLD_2_042,4730.249999999996
HOBBIES_1_121,4721.320000000004
HOBBIES_1_112,4694.780000000011
HOBBIES_2_114,4671.180000000003
HOBBIES_1_331,4668.979999999992
HOBBIES_1_299,4645.050000000003
HOUSEHOLD_2_147,4642.820000000002
HOUSEHOLD_2_123,4636.749999999999
HOBBIES_2_060,4598.620000000006
HOUSEHOLD_2_330,4585.320000000004
HOBBIES_2_127,4573.440000000003
HOUSEHOLD_2_392,4552.520000000003
HOBBIES_2_011,4548.330000000004
HOBBIES_2_041,4532.830000000002
HOUSEHOLD_2_175,4527.250000000003
HOBBIES_1_396,4507.359999999995
HOBBIES_2_067,4493.610000000003
HOBBIES_1_003,4475.640000000002
FOODS_3_254,4437.000000000004
HOUSEHOLD_1_104,4431.2400000000025
HOBBIES_2_098,4426.47999999999
HOBBIES_2_121,4425.140000000003
HOUSEHOLD_2_149,4394.439999999997
HOBBIES_1_302,4380.479999999996
HOUSEHOLD_1_260,4288.680000000002
HOUSEHOLD_2_005,4277.540000000002
HOBBIES_1_192,4258.62
HOUSEHOLD_1_092,4152.0899999999965
FOODS_3_022,4150.079999999998
HOUSEHOLD_2_067,4132.200000000003
HOBBIES_2_042,4112.480000000004
HOUSEHOLD_1_258,4004.950000000001
HOBBIES_1_232,4003.259999999998
HOBBIES_2_097,3999.0999999999995
FOODS_3_512,3981.779999999997
HOBBIES_2_063,3967.519999999999
HOBBIES_2_055,3953.9499999999994
HOUSEHOLD_2_086,3878.6900000000005
HOBBIES_1_259,3875.5699999999993
HOBBIES_2_132,3851.559999999998
HOBBIES_1_066,3806.5
HOUSEHOLD_2_331,3774.9700000000007
HOBBIES_1_401,3757.6999999999994
HOUSEHOLD_1_512,3577.310000000004
HOBBIES_2_094,3575.5699999999993
HOUSEHOLD_2_504,3560.46
FOODS_3_296,3557.24
HOBBIES_2_149,3517.839999999999
HOUSEHOLD_2_077,3458.539999999998
HOUSEHOLD_2_192,3427.88
HOUSEHOLD_2_314,3413.2799999999993
HOBBIES_1_359,3409.3999999999983
HOBBIES_1_113,3351.5999999999985
HOBBIES_2_122,3271.939999999995
HOBBIES_2_148,3235.239999999995
HOBBIES_2_147,3212.6399999999976
HOBBIES_2_129,3170.3599999999947
HOBBIES_2_111,3160.1199999999994
FOODS_3_601,3084.839999999997
FOODS_3_260,3063.6199999999985
HOBBIES_1_219,3032.8200000000015
HOBBIES_1_161,2972.4599999999996
HOBBIES_1_054,2970.98
HOBBIES_2_015,2926.899999999999
HOBBIES_2_108,2866.05
HOBBIES_1_091,2832.1199999999985
FOODS_3_171,2830.8799999999974
HOUSEHOLD_2_132,2826.4799999999996
FOODS_3_220,2786.519999999999
HOUSEHOLD_2_101,2662.5700000000006
HOBBIES_2_107,2655.709999999999
HOBBIES_2_079,2621.899999999999
HOBBIES_2_090,2551.369999999998
HOBBIES_2_071,2499.6899999999982
HOBBIES_1_336,2454.3999999999983
HOUSEHOLD_2_230,2421.449999999999
HOUSEHOLD_2_309,2413.84
FOODS_3_472,2330.5099999999993
HOBBIES_2_124,2286.889999999999
HOBBIES_2_143,2283.559999999999
HOUSEHOLD_2_515,2270.4199999999987
HOBBIES_2_087,2193.1699999999987
HOBBIES_2_126,2190.5
HOBBIES_2_125,2187.3799999999983
HOBBIES_2_119,2044.6100000000001
HOBBIES_2_012,2040.9199999999992
HOBBIES_2_027,2039.7299999999996
HOBBIES_2_109,1917.6899999999985
HOBBIES_1_181,1903.8099999999993
HOBBIES_2_038,1805.1699999999987
HOUSEHOLD_2_245,1572.0599999999993
HOBBIES_2_037,1538.9699999999991
HOBBIES_2_064,1527.7499999999986
HOBBIES_2_123,1496.6800000000005
HOBBIES_2_017,1484.64
HOBBIES_2_058,1283.0
HOBBIES_2_095,1279.52
HOBBIES_2_086,1222.199999999999
HOBBIES_2_101,1203.1000000000001
HOBBIES_2_141,1199.5000000000002
HOBBIES_2_014,1153.3299999999992
HOBBIES_2_021,1142.6599999999992
HOBBIES_1_062,1139.7499999999993
HOBBIES_2_030,1108.8899999999992
HOBBIES_2_138,1040.7099999999994
HOBBIES_2_010,1018.0299999999995
HOBBIES_2_106,984.1499999999993
HOBBIES_2_135,964.63
HOBBIES_2_040,962.7200000000003
HOBBIES_2_073,924.7200000000004
HOBBIES_2_144,869.31
HOBBIES_2_099,861.3599999999997
HOBBIES_2_082,831.6000000000001
HOBBIES_2_023,819.6499999999996
HOBBIES_2_065,671.0
HOBBIES_2_047,550.96
HOBBIES_2_025,463.5
HOBBIES_2_026,457.93000000000023
